#{"t_start": 1763810177.8349814, "env_id": "None"}
r,l,t
-16.8,200,0.151803
-18.9,200,0.303272
-18.7,200,0.456758
-17.4,200,0.601233
-18.5,200,0.7487
-17.9,200,0.893127
-18.1,200,1.033018
-18.7,200,1.181513
-17.8,200,1.324826
-19.3,200,1.469786
-17.6,200,1.616932
-18.0,200,1.764036
-18.8,200,1.910729
-18.4,200,2.061574
-17.7,200,2.203032
-18.4,200,2.341235
-17.8,200,2.476114
-16.7,200,2.610486
-18.4,200,2.74484
-17.6,200,2.880423
-11.4,200,4.239049
-3.2,200,5.622458
-4.6,200,7.004345
-2.2,200,8.334681
-2.4,200,9.634409
-2.4,200,10.909778
-2.3,200,12.210169
-2.8,200,13.489464
-2.7,200,14.811422
-3.2,200,16.059119
-1.9,200,17.313262
-2.2,200,18.592422
-2.4,200,19.905924
-2.4,200,21.207352
-2.1,200,22.502981
-2.1,200,23.800075
-2.0,200,25.09192
-2.2,200,26.41224
-2.3,200,27.706882
-3.0,200,29.017636
-2.4,200,30.359961
-2.1,200,31.698439
-2.7,200,33.047509
-2.4,200,34.352535
-2.5,200,35.681134
-2.6,200,36.981694
-2.3,200,38.317455
-2.9,200,39.717932
-2.6,200,40.984977
-2.4,200,42.238804
-2.9,200,43.552728
-2.6,200,44.969652
-2.6,200,46.256346
-2.3,200,47.5758
-2.8,200,48.867221
-2.5,200,50.168491
-2.3,200,51.485955
-2.5,200,52.769625
-2.3,200,54.020068
-2.2,200,55.330772
-2.3,200,56.626931
-2.5,200,57.963067
-2.8,200,59.36353
-2.3,200,60.741239
-2.7,200,62.060733
-2.7,200,63.386261
-2.5,200,64.679792
-2.6,200,65.993264
-2.9,200,67.305522
-2.3,200,68.643217
-3.0,200,69.999735
-2.6,200,71.359586
-2.6,200,72.714751
-3.4,200,74.063336
-2.5,200,75.390853
-2.9,200,76.684613
-2.3,200,78.065714
-2.8,200,79.351924
-2.6,200,80.719579
-2.5,200,82.037774
-2.7,200,83.344741
-3.0,200,84.681422
-2.7,200,85.999168
-2.5,200,87.339523
-2.4,200,88.647537
-2.5,200,89.97396
-3.3,200,91.278046
-2.6,200,92.595695
-2.2,200,93.934361
-2.7,200,95.263549
-2.3,200,96.614007
-2.6,200,97.957179
-2.8,200,99.283074
-2.5,200,100.610272
-2.3,200,101.923187
-2.4,200,103.255491
-2.6,200,104.554668
-2.8,200,105.849863
-2.3,200,107.198695
-2.4,200,108.54419
-2.2,200,109.886472
-2.1,200,111.202323
-2.3,200,112.516579
-2.7,200,113.824514
-2.9,200,115.117058
-3.2,200,116.361556
-2.2,200,117.648753
-2.2,200,118.940367
-2.5,200,120.249376
-2.6,200,121.62306
-2.3,200,122.97599
-2.3,200,124.362636
-2.8,200,125.71972
-2.6,200,127.074404
-2.6,200,128.409973
-2.3,200,129.707938
-2.4,200,131.011266
-2.0,200,132.330739
-2.6,200,133.699612
-2.5,200,135.077669
-2.9,200,136.429245
-2.3,200,137.746452
-2.3,200,139.082039
-2.6,200,140.411247
-2.2,200,141.714142
-2.2,200,143.02436
-2.7,200,144.352042
-2.2,200,145.703716
-2.5,200,147.057335
-2.4,200,148.368387
-2.3,200,149.731695
-3.0,200,151.055143
-2.6,200,152.39699
-2.9,200,153.692133
-2.3,200,155.001114
-2.4,200,156.332366
-2.4,200,157.665882
-3.1,200,158.998845
-2.5,200,160.332778
-2.5,200,161.607721
-2.2,200,162.967843
-2.9,200,164.38154
-2.3,200,165.69261
-2.2,200,167.000241
-2.3,200,168.306737
-2.6,200,169.657138
-2.9,200,170.983622
-3.1,200,172.323038
-2.5,200,173.658612
-2.4,200,174.991247
-2.6,200,176.310844
-2.5,200,177.647409
-2.1,200,178.942886
-2.3,200,180.25142
-2.5,200,181.543776
-2.4,200,182.874444
-2.0,200,184.21745
-2.2,200,185.556278
-2.2,200,186.901655
-2.4,200,188.321509
-2.2,200,189.662071
-2.2,200,191.058077
-2.5,200,192.403184
-2.3,200,193.774033
-1.9,200,195.170941
-2.2,200,196.56906
-2.4,200,197.957629
-2.0,200,199.34358
-2.3,200,200.68336
-2.1,200,201.988603
-2.2,200,203.307785
-2.4,200,204.595666
-2.1,200,205.893896
-2.1,200,207.206008
-1.9,200,208.529802
-2.1,200,209.825403
-2.3,200,211.149952
-2.1,200,212.487212
-2.2,200,213.819506
-2.2,200,215.156257
-2.0,200,216.544948
-2.0,200,217.875556
-2.4,200,219.135863
-2.1,200,220.52689
-2.3,200,221.946095
-2.3,200,223.309844
-2.1,200,224.650502
-2.1,200,226.008559
-2.2,200,227.339838
-2.2,200,228.65435
-2.3,200,229.942231
-2.3,200,231.272918
-2.8,200,232.578934
-2.1,200,233.903082
-2.1,200,235.274574
-2.0,200,236.57625
-2.1,200,237.890741
-2.1,200,239.214159
-2.0,200,240.54494
-2.0,200,241.83938
-2.2,200,243.108523
-2.1,200,244.39723
-2.0,200,245.782582
-1.9,200,247.214818
-2.0,200,248.599939
-2.2,200,249.946798
-1.9,200,251.330443
-2.0,200,252.695638
-2.4,200,254.0198
-2.0,200,255.308195
-2.0,200,256.622849
-2.6,200,257.933859
-1.9,200,259.296186
-2.0,200,260.655007
-2.3,200,261.961331
-2.0,200,263.26653
-2.0,200,264.603532
-1.9,200,265.940388
-2.0,200,267.270745
-2.1,200,268.565614
-2.1,200,269.890984
-2.2,200,271.237114
-2.0,200,272.575378
-2.4,200,273.917568
-2.2,200,275.231623
-2.1,200,276.525476
-2.3,200,277.841321
-2.1,200,279.169825
-1.9,200,280.525337
-2.2,200,281.846751
-1.9,200,283.153962
-2.1,200,284.530973
-2.0,200,285.859067
-2.1,200,287.190273
-2.0,200,288.551578
-2.1,200,289.956198
-2.1,200,291.282465
-1.9,200,292.578824
-2.1,200,293.838264
-2.0,200,295.187173
-2.4,200,296.549942
-2.0,200,297.901217
-2.1,200,299.263552
-2.0,200,300.624126
-1.9,200,301.990501
-2.1,200,303.305354
-2.1,200,304.619318
-1.9,200,305.929761
-2.1,200,307.253168
-2.1,200,308.570562
-1.9,200,309.905741
-2.0,200,311.274685
-2.2,200,312.583792
-2.2,200,313.926106
-2.0,200,315.289084
-2.1,200,316.56637
-2.2,200,317.856398
-2.0,200,319.213815
-1.9,200,320.551935
-2.2,200,321.879163
-2.3,200,323.212159
-2.3,200,324.550802
-2.0,200,325.86098
-2.0,200,327.184461
-1.9,200,328.533587
-1.9,200,329.783904
-2.1,200,331.066046
-2.3,200,332.411659
-2.2,200,333.755917
-1.9,200,335.048391
-2.2,200,336.371046
-2.1,200,337.692724
-2.0,200,339.024357
-2.0,200,340.336036
-2.1,200,341.605209
-2.2,200,342.880881
-2.2,200,344.157715
-1.9,200,345.546118
-1.9,200,346.902012
-2.0,200,348.241312
-1.9,200,349.537001
-2.1,200,350.857388
-2.1,200,352.174893
-1.9,200,353.543203
-2.0,200,354.844753
-2.1,200,356.173058
-2.0,200,357.5249
-1.9,200,358.873983
-2.3,200,360.223858
-1.9,200,361.535145
-2.1,200,362.846755
-1.9,200,364.171935
-2.0,200,365.505836
-2.2,200,366.78249
-2.1,200,368.043144
-2.1,200,369.333809
-1.9,200,370.645336
-1.9,200,371.97637
-2.2,200,373.334944
-2.1,200,374.674906
-2.0,200,375.994801
-1.9,200,377.342201
-1.9,200,378.664585
-2.1,200,379.960415
-2.0,200,381.268821
-2.1,200,382.63763
-2.1,200,383.948762
-1.9,200,385.286394
-2.0,200,386.616413
-2.1,200,387.967265
-2.0,200,389.337828
-2.0,200,390.719463
-2.1,200,392.025027
-2.1,200,393.293008
-2.0,200,394.613957
-2.0,200,395.984103
-1.9,200,397.355126
-2.0,200,398.725425
-2.1,200,400.048421
-2.0,200,401.422423
-2.0,200,402.750867
-2.0,200,404.04793
-2.1,200,405.385667
-2.0,200,406.665897
-2.1,200,408.016443
-2.1,200,409.400092
-2.0,200,410.71114
-1.9,200,412.032089
-1.9,200,413.394757
-2.2,200,414.73046
-2.2,200,415.998573
-2.0,200,417.272601
-2.0,200,418.645604
-2.1,200,419.959543
-2.1,200,421.262427
-2.1,200,422.599353
-1.9,200,423.916992
-1.9,200,425.262232
-2.2,200,426.601908
-1.9,200,427.920376
-2.0,200,429.251531
-2.2,200,430.615046
-2.1,200,431.979285
-1.9,200,433.319783
-2.1,200,434.646815
-2.0,200,436.02087
-2.0,200,437.334116
-2.1,200,438.646606
-1.9,200,440.005718
-2.1,200,441.321848
-2.0,200,442.684942
-1.9,200,444.000679
-2.0,200,445.364304
-1.9,200,446.712243
-2.2,200,448.077817
-2.1,200,449.415998
-1.9,200,450.750911
-1.9,200,452.080475
-2.0,200,453.399774
-2.0,200,454.669832
-2.0,200,456.026598
-2.1,200,457.38883
-2.1,200,458.753392
-1.9,200,460.129036
-1.9,200,461.517521
-2.1,200,462.850342
-1.9,200,464.2014
-2.0,200,465.490141
-1.9,200,466.809961
-1.9,200,468.1584
-2.2,200,469.506689
-1.9,200,470.860099
-2.3,200,472.17915
-2.0,200,473.53163
-1.9,200,474.855054
-2.0,200,476.207142
-1.9,200,477.563058
-1.9,200,478.870458
-1.9,200,480.215942
-1.9,200,481.554226
-1.9,200,482.909549
-1.9,200,484.243168
-1.9,200,485.587534
-2.0,200,486.939756
-2.0,200,488.298646
-2.0,200,489.606793
-2.1,200,490.934243
-2.1,200,492.329178
-2.0,200,493.693443
-1.9,200,495.071265
-1.9,200,496.441889
-2.0,200,497.789663
-2.0,200,499.155427
-2.0,200,500.489368
-1.9,200,501.86674
-1.9,200,503.190588
-1.9,200,504.484718
-2.1,200,505.816012
-2.0,200,507.172376
-2.0,200,508.494128
-2.1,200,509.873006
-2.0,200,511.195887
-1.9,200,512.519361
-2.0,200,513.804422
-2.0,200,515.132513
-2.1,200,516.437902
-2.1,200,517.780013
-2.1,200,519.122665
-1.9,200,520.486826
-1.9,200,521.853942
-1.9,200,523.225739
-2.0,200,524.637364
-2.0,200,526.029737
-2.0,200,527.409671
-2.1,200,528.719928
-1.9,200,530.039178
-2.1,200,531.398441
-2.0,200,532.707673
-1.9,200,533.998244
-1.9,200,535.324013
-1.9,200,536.693483
-1.9,200,538.017475
-1.9,200,539.362189
-2.1,200,540.746757
-1.9,200,542.05348
-2.0,200,543.370077
-1.9,200,544.699995
-2.0,200,546.018195
-1.9,200,547.374327
-1.9,200,548.753539
-1.9,200,550.088376
-2.0,200,551.42792
-1.9,200,552.802621
-1.9,200,554.091676
-2.0,200,555.401959
-2.1,200,556.741204
-2.0,200,558.099935
-1.9,200,559.470432
-1.9,200,560.846981
-1.9,200,562.226623
-1.9,200,563.550272
-2.1,200,564.898674
-1.9,200,566.202726
-1.9,200,567.470037
-1.9,200,568.779723
-1.9,200,570.101118
-2.0,200,571.426285
-2.0,200,572.769098
-2.1,200,574.076432
-2.2,200,575.437938
-1.9,200,576.758202
-2.0,200,578.097142
-1.9,200,579.36096
-1.9,200,580.731057
-1.9,200,582.205807
-1.9,200,583.627873
-1.9,200,585.145706
-2.0,200,586.516596
-2.0,200,587.909463
-1.9,200,589.338472
-1.9,200,590.728323
-1.9,200,592.119513
-1.9,200,593.42835
-1.9,200,594.87305
-2.0,200,596.280276
-1.9,200,597.603325
-1.9,200,598.943912
-2.0,200,600.3273
-2.1,200,601.732003
-1.9,200,603.115605
-2.0,200,604.397933
-2.0,200,605.687091
-1.9,200,607.020185
-2.1,200,608.333502
-2.0,200,609.667259
-2.0,200,610.995174
-2.0,200,612.319637
-2.0,200,613.642449
-2.0,200,614.943955
-2.2,200,616.261063
-1.9,200,617.522768
-2.2,200,618.847084
-1.9,200,620.162986
-1.9,200,621.522936
-2.0,200,622.828207
-2.1,200,624.177021
-1.9,200,625.519621
-2.1,200,626.84265
-1.9,200,628.168176
-1.9,200,629.44583
-1.9,200,630.770723
-2.0,200,632.143061
-1.9,200,633.468119
-1.9,200,634.822755
-1.9,200,636.150865
-1.9,200,637.458741
-1.9,200,638.816202
-1.9,200,640.137551
-1.9,200,641.461721
-2.0,200,642.742545
-1.9,200,644.115915
-1.9,200,645.513272
-2.1,200,646.890376
-1.9,200,648.231898
-1.9,200,649.567842
-2.0,200,650.9042
-1.9,200,652.236173
-1.9,200,653.537343
-2.1,200,654.854979
-2.1,200,656.186291
-1.9,200,657.524548
-1.9,200,658.910173
-2.1,200,660.308819
-2.0,200,661.695717
-1.9,200,663.092875
-1.9,200,664.44509
-2.0,200,665.795827
-1.9,200,667.133296
-1.9,200,668.452382
-1.9,200,669.794998
-1.9,200,671.156731
-1.9,200,672.522341
-2.0,200,673.83647
-1.9,200,675.159366
-1.9,200,676.479193
-1.9,200,677.843422
-1.9,200,679.141611
-1.9,200,680.444084
-2.0,200,681.807299
-1.9,200,683.189233
-1.9,200,684.525272
-2.0,200,685.889594
-1.9,200,687.290189
-1.9,200,688.706636
-1.9,200,690.116662
-1.9,200,691.48964
-1.9,200,692.752528
-1.9,200,694.042177
-1.9,200,695.392039
-2.0,200,696.743222
-2.0,200,698.108351
-1.9,200,699.434712
-1.9,200,700.799807
-1.9,200,702.135493
-1.9,200,703.515054
-1.9,200,704.841388
-1.9,200,706.177505
-1.9,200,707.506346
-1.9,200,708.833807
-2.0,200,710.211514
-2.1,200,711.596994
-1.9,200,712.947664
-1.9,200,714.333274
-1.9,200,715.681599
-2.0,200,716.963109
-1.9,200,718.254732
-1.9,200,719.556463
-2.0,200,720.873458
-1.9,200,722.252435
-1.9,200,723.630805
-2.0,200,725.046587
-1.9,200,726.43831
-2.0,200,727.811666
-1.9,200,729.10628
-1.9,200,730.394808
-1.9,200,731.704043
-1.9,200,733.078182
-1.9,200,734.430108
-1.9,200,735.791629
-1.9,200,737.135298
-1.9,200,738.441307
-1.9,200,739.790234
-1.9,200,741.12451
-2.0,200,742.414046
-1.9,200,743.664934
-1.9,200,744.97143
-1.9,200,746.390412
-1.9,200,747.714984
-1.9,200,749.028867
-1.9,200,750.366172
-1.9,200,751.676058
-1.9,200,752.997312
-1.9,200,754.294919
-1.9,200,755.587357
-1.9,200,756.899083
-1.9,200,758.25737
-1.9,200,759.593137
-1.9,200,760.973521
-2.0,200,762.32423
-2.0,200,763.648305
-1.9,200,765.026337
-1.9,200,766.396291
-1.9,200,767.740818
-1.9,200,769.073504
-1.9,200,770.428612
-1.9,200,771.796733
-1.9,200,773.146967
-1.9,200,774.510892
-2.0,200,775.894397
-1.9,200,777.29771
-2.0,200,778.641998
-1.9,200,779.970636
-1.9,200,781.314804
-1.9,200,782.675892
-1.9,200,784.045557
-1.9,200,785.444108
-2.0,200,786.807219
-1.9,200,788.201689
-1.9,200,789.571192
-2.0,200,790.905861
-1.9,200,792.239892
-2.0,200,793.554779
-1.9,200,794.967244
-2.0,200,796.281912
-1.9,200,797.642523
-1.9,200,799.01027
-1.9,200,800.336488
-1.9,200,801.632824
-1.9,200,802.935432
-1.9,200,804.222672
-1.9,200,805.504993
-1.9,200,806.793473
-1.9,200,808.078517
-1.9,200,809.429809
-1.9,200,810.740682
-1.9,200,812.077266
-1.9,200,813.426694
-1.9,200,814.755616
-1.9,200,816.122939
-1.9,200,817.41552
-1.9,200,818.729829
-2.0,200,820.001506
-1.9,200,821.353687
-1.9,200,822.727428
-1.9,200,824.090399
-1.9,200,825.471277
-1.9,200,826.828509
-1.9,200,828.201043
-1.9,200,829.568768
-1.9,200,830.8782
-1.9,200,832.230001
-1.9,200,833.551754
-1.9,200,834.902731
-1.9,200,836.265972
-2.0,200,837.664228
-1.9,200,839.061262
-1.9,200,840.462757
-1.9,200,841.815944
-1.9,200,843.113939
-1.9,200,844.377319
-1.9,200,845.65594
-2.0,200,846.98016
-1.9,200,848.312461
-1.9,200,849.677387
-1.9,200,851.022873
-2.0,200,852.382908
-1.9,200,853.766752
-1.9,200,855.168648
-1.9,200,856.520788
-1.9,200,857.846637
-1.9,200,859.151382
-1.9,200,860.498206
-1.9,200,861.818322
-1.9,200,863.143072
-1.9,200,864.502376
-1.9,200,865.836741
-1.9,200,867.154099
-1.9,200,868.49437
-1.9,200,869.82213
-1.9,200,871.117486
-1.9,200,872.434422
-1.9,200,873.789435
-1.9,200,875.132385
-1.9,200,876.456919
-1.9,200,877.802673
-1.9,200,879.13774
-1.9,200,880.478721
-1.9,200,881.804364
-1.9,200,883.073119
-1.9,200,884.440633
-1.9,200,885.861558
-1.9,200,887.26894
-1.9,200,888.682339
-1.9,200,889.996269
-1.9,200,891.311634
-1.9,200,892.618437
-1.9,200,893.935157
-1.9,200,895.223179
-1.9,200,896.505553
-1.9,200,897.831252
-1.9,200,899.142558
-1.9,200,900.487033
-1.9,200,901.814724
-1.9,200,903.150953
-1.9,200,904.471493
-2.0,200,905.820207
-1.9,200,907.145454
-1.9,200,908.438598
-1.9,200,909.749072
-1.9,200,911.095216
-1.9,200,912.430871
-2.0,200,913.763045
-1.9,200,915.093662
-1.9,200,916.427397
-1.9,200,917.743644
-1.9,200,919.076146
-1.9,200,920.414934
-2.0,200,921.686431
-1.9,200,922.973218
-1.9,200,924.346542
-1.9,200,925.721749
-1.9,200,927.079755
-1.9,200,928.428487
-1.9,200,929.759153
-1.9,200,931.073599
-1.9,200,932.320676
-1.9,200,933.587258
-1.9,200,934.91079
-1.9,200,936.272962
-1.9,200,937.600654
-1.9,200,938.977176
-2.0,200,940.333369
-1.9,200,941.662574
-1.9,200,943.000393
-1.9,200,944.351608
-1.9,200,945.635641
-1.9,200,946.917404
-1.9,200,948.258858
-2.1,200,949.607441
-1.9,200,950.95528
-1.9,200,952.28759
-1.9,200,953.616562
-1.9,200,954.936594
-1.9,200,956.247793
-1.9,200,957.529923
-1.9,200,958.864578
-1.9,200,960.149282
-1.9,200,961.466981
-2.0,200,962.771246
-1.9,200,964.108488
-1.9,200,965.459992
-1.9,200,966.78991
-1.9,200,968.090122
-2.0,200,969.435261
-1.9,200,970.692756
-2.0,200,971.954008
-2.0,200,973.270825
-1.9,200,974.632702
-1.9,200,975.989309
-1.9,200,977.319456
-2.0,200,978.624729
-1.9,200,979.987122
-1.9,200,981.333659
-1.9,200,982.651554
-1.9,200,983.989696
-1.9,200,985.341366
-1.9,200,986.733908
-1.9,200,988.086929
-1.9,200,989.441814
-1.9,200,990.794257
-1.9,200,992.137563
-1.9,200,993.450289
-1.9,200,994.797976
-1.9,200,996.106463
-1.9,200,997.434327
-1.9,200,998.803243
-1.9,200,1000.168921
-1.9,200,1001.607739
-1.9,200,1003.027519
-1.9,200,1004.390018
-1.9,200,1005.726508
-1.9,200,1007.054049
-1.9,200,1008.357202
-1.9,200,1009.683767
-1.9,200,1011.026654
-2.0,200,1012.384159
-1.9,200,1013.739998
-1.9,200,1015.075864
-1.9,200,1016.426716
-1.9,200,1017.7526
-1.9,200,1019.084341
-1.9,200,1020.382658
-1.9,200,1021.687021
-1.9,200,1023.001739
-1.9,200,1024.341872
-1.9,200,1025.688315
-1.9,200,1027.070998
-1.9,200,1028.472646
-1.9,200,1029.817121
-1.9,200,1031.145479
-1.9,200,1032.466729
-1.9,200,1033.804953
-1.9,200,1035.162753
-1.9,200,1036.50924
-1.9,200,1037.858495
-1.9,200,1039.211304
-1.9,200,1040.573678
-1.9,200,1041.913391
-1.9,200,1043.240667
-1.9,200,1044.591468
-1.9,200,1045.896413
-1.9,200,1047.228804
-1.9,200,1048.48931
-1.9,200,1049.848113
-1.9,200,1051.178248
-1.9,200,1052.567847
-1.9,200,1053.892118
-1.9,200,1055.213167
-1.9,200,1056.520898
-1.9,200,1057.875381
-1.9,200,1059.133376
-1.9,200,1060.49412
-1.9,200,1061.82201
-1.9,200,1063.197676
-1.9,200,1064.603732
-1.9,200,1065.981579
-2.0,200,1067.336246
-1.9,200,1068.693972
-1.9,200,1070.021706
-1.9,200,1071.341367
-1.9,200,1072.624852
-1.9,200,1073.916496
-1.9,200,1075.247211
-1.9,200,1076.549176
-1.9,200,1077.951169
-1.9,200,1079.339509
-1.9,200,1080.660077
-1.9,200,1082.018112
-2.0,200,1083.318641
-1.9,200,1084.604815
-1.9,200,1085.911944
-1.9,200,1087.292329
-1.9,200,1088.610698
-1.9,200,1089.962276
-1.9,200,1091.34937
-1.9,200,1092.747079
-1.9,200,1094.0759
-1.9,200,1095.465344
-1.9,200,1096.751434
-1.9,200,1098.073993
-1.9,200,1099.391638
-1.9,200,1100.745363
-1.9,200,1102.067641
-1.9,200,1103.397771
-1.9,200,1104.732476
-1.9,200,1106.127352
-1.9,200,1107.480724
-1.9,200,1108.836225
-1.9,200,1110.163308
-1.9,200,1111.52639
-1.9,200,1112.879152
-1.9,200,1114.224297
-1.9,200,1115.573896
-2.0,200,1116.901691
-1.9,200,1118.262084
-1.9,200,1119.646215
-1.9,200,1121.028394
-1.9,200,1122.381981
-1.9,200,1123.697171
-1.9,200,1125.046026
-1.9,200,1126.374126
-1.9,200,1127.718173
-1.9,200,1129.058066
-1.9,200,1130.407011
-1.9,200,1131.754572
-1.9,200,1133.085222
-2.0,200,1134.394765
-1.9,200,1135.694906
-1.9,200,1136.995907
-1.9,200,1138.353961
-1.9,200,1139.698221
-1.9,200,1141.050374
-1.9,200,1142.408976
-1.9,200,1143.742251
-1.9,200,1145.108056
-1.9,200,1146.463168
-1.9,200,1147.749469
-1.9,200,1149.033865
-1.9,200,1150.424034
-1.9,200,1151.74048
-1.9,200,1153.07977
-1.9,200,1154.407907
-1.9,200,1155.743357
-1.9,200,1157.098795
-1.9,200,1158.435121
-1.9,200,1159.775646
-1.9,200,1161.06485
-1.9,200,1162.419609
-1.9,200,1163.784458
-1.9,200,1165.145892
-1.9,200,1166.511359
-1.9,200,1167.861881
-1.9,200,1169.206176
-1.9,200,1170.574531
-1.9,200,1171.905452
-1.9,200,1173.22653
-1.9,200,1174.6037
-1.9,200,1175.952112
-1.9,200,1177.298812
-1.9,200,1178.644416
-1.9,200,1180.002412
-1.9,200,1181.402329
-1.9,200,1182.845609
-1.9,200,1184.354786
-1.9,200,1185.739478
-1.9,200,1187.073112
-1.9,200,1188.44552
-2.0,200,1189.861677
-1.9,200,1191.255005
-1.9,200,1192.585434
-2.0,200,1193.922556
-1.9,200,1195.314727
-1.9,200,1196.674801
-1.9,200,1197.968343
-1.9,200,1199.291433
-1.9,200,1200.680707
-1.9,200,1201.993894
-1.9,200,1203.345471
-1.9,200,1204.756039
-1.9,200,1206.1342
-1.9,200,1207.475437
-1.9,200,1208.818217
-1.9,200,1210.138548
-1.9,200,1211.456597
-1.9,200,1212.799972
-1.9,200,1214.151195
-1.9,200,1215.484151
-1.9,200,1216.891903
-1.9,200,1218.267702
-1.9,200,1219.639364
-1.9,200,1220.968841
-1.9,200,1222.306607
-1.9,200,1223.624672
-1.9,200,1224.892886
-1.9,200,1226.257608
-1.9,200,1227.612258
-1.9,200,1228.977251
-1.9,200,1230.333945
-1.9,200,1231.678297
-1.9,200,1233.029377
-1.9,200,1234.372192
-1.9,200,1235.71107
-1.9,200,1237.048455
-1.9,200,1238.393994
-1.9,200,1239.806166
-1.9,200,1241.207356
-1.9,200,1242.561736
-1.9,200,1243.936541
-1.9,200,1245.350825
-1.9,200,1246.742025
-1.9,200,1248.069028
-1.9,200,1249.387858
-1.9,200,1250.747442
-1.9,200,1252.049325
-1.9,200,1253.380897
-1.9,200,1254.749943
-1.9,200,1256.136056
-1.9,200,1257.486379
-1.9,200,1258.806647
-2.0,200,1260.140974
-1.9,200,1261.477589
-1.9,200,1262.800388
-2.0,200,1264.1606
-1.9,200,1265.475009
-1.9,200,1266.821117
-1.9,200,1268.20105
-1.9,200,1269.614578
-1.9,200,1271.005194
-1.9,200,1272.39197
-1.9,200,1273.668908
-1.9,200,1274.990756
-1.9,200,1276.336061
-1.9,200,1277.70982
-1.9,200,1279.031168
-1.9,200,1280.362698
-1.9,200,1281.753013
-1.9,200,1283.094171
-1.9,200,1284.471484
-1.9,200,1285.784928
-1.9,200,1287.10788
-1.9,200,1288.419115
-1.9,200,1289.74569
-1.9,200,1291.060032
-1.9,200,1292.36621
-1.9,200,1293.722018
-1.9,200,1295.081857
-1.9,200,1296.436655
-1.9,200,1297.742212
-1.9,200,1299.043159
-1.9,200,1300.405666
-1.9,200,1301.791137
-1.9,200,1303.235742
-1.9,200,1304.606386
-1.9,200,1305.971708
-1.9,200,1307.360786
-1.9,200,1308.720208
-1.9,200,1310.079709
-1.9,200,1311.375482
-1.9,200,1312.712307
-1.9,200,1314.06789
-1.9,200,1315.454268
-1.9,200,1316.813844
-1.9,200,1318.190197
-1.9,200,1319.52753
-1.9,200,1320.899644
-1.9,200,1322.240971
-1.9,200,1323.525533
-1.9,200,1324.869215
-1.9,200,1326.18613
-1.9,200,1327.588806
-1.9,200,1328.949233
-1.9,200,1330.318644
-1.9,200,1331.660015
-1.9,200,1333.031719
-1.9,200,1334.391375
-1.9,200,1335.69154
-1.9,200,1336.981135
-1.9,200,1338.309062
-1.9,200,1339.621964
-1.9,200,1340.935892
-1.9,200,1342.290016
-1.9,200,1343.655136
-1.9,200,1345.03258
-1.9,200,1346.375306
-1.9,200,1347.724734
-1.9,200,1349.062015
-1.9,200,1350.421264
-1.9,200,1351.772482
-1.9,200,1353.131724
-1.9,200,1354.484483
-1.9,200,1355.818616
-1.9,200,1357.131139
-1.9,200,1358.461704
-1.9,200,1359.823022
-1.9,200,1361.076864
-1.9,200,1362.396352
-1.9,200,1363.710024
-1.9,200,1365.052901
-1.9,200,1366.378125
-1.9,200,1367.738605
-1.9,200,1369.082457
-1.9,200,1370.438444
-1.9,200,1371.779427
-1.9,200,1373.087172
-1.9,200,1374.380054
-1.9,200,1375.715299
-1.9,200,1377.072879
-1.9,200,1378.415186
-1.9,200,1379.771348
-1.9,200,1381.113223
-1.9,200,1382.449815
-1.9,200,1383.784974
-1.9,200,1385.115587
-2.0,200,1386.455088
-2.0,200,1387.771335
-1.9,200,1389.119688
-1.9,200,1390.45698
-1.9,200,1391.768994
-1.9,200,1393.133662
-1.9,200,1394.507811
-1.9,200,1395.827548
-1.9,200,1397.153205
-1.9,200,1398.480083
-1.9,200,1399.807414
-1.9,200,1401.124134
-1.9,200,1402.509303
-1.9,200,1403.833484
-1.9,200,1405.187732
-1.9,200,1406.526037
-1.9,200,1407.866861
-1.9,200,1409.202474
-1.9,200,1410.555363
-1.9,200,1411.889578
-2.0,200,1413.225705
-1.9,200,1414.572853
-1.9,200,1415.94943
-1.9,200,1417.302172
-2.0,200,1418.651889
-1.9,200,1420.099746
-1.9,200,1421.457173
-1.9,200,1422.877623
-1.9,200,1424.264262
-1.9,200,1425.642748
-2.0,200,1426.987747
-1.9,200,1428.370636
-1.9,200,1429.714284
-1.9,200,1431.043713
-1.9,200,1432.401746
-1.9,200,1433.736238
-1.9,200,1435.064765
-1.9,200,1436.374743
-1.9,200,1437.634106
-1.9,200,1438.982205
-1.9,200,1440.333097
-1.9,200,1441.653968
-1.9,200,1442.995337
-1.9,200,1444.364457
-1.9,200,1445.709557
-1.9,200,1447.086638
-1.9,200,1448.438221
-1.9,200,1449.726417
-1.9,200,1451.078032
-1.9,200,1452.387116
-1.9,200,1453.741726
-1.9,200,1455.078258
-2.0,200,1456.421202
-1.9,200,1457.747068
-1.9,200,1459.098989
-1.9,200,1460.410122
-1.9,200,1461.737059
-1.9,200,1463.066178
-1.9,200,1464.377636
-1.9,200,1465.696694
-1.9,200,1467.021404
-1.9,200,1468.32102
-1.9,200,1469.646678
-1.9,200,1471.008512
-1.9,200,1472.364737
-1.9,200,1473.723694
-1.9,200,1475.077729
-1.9,200,1476.37822
-1.9,200,1477.733661
-1.9,200,1479.101549
-1.9,200,1480.442076
-1.9,200,1481.812198
-2.0,200,1483.178226
-1.9,200,1484.515695
-1.9,200,1485.899083
-1.9,200,1487.206091
-1.9,200,1488.523893
-1.9,200,1489.890928
-1.9,200,1491.235355
-1.9,200,1492.573441
-1.9,200,1493.908356
-1.9,200,1495.281977
-2.0,200,1496.631857
-1.9,200,1498.002094
-1.9,200,1499.325464
-1.9,200,1500.614348
-1.9,200,1501.980617
-1.9,200,1503.312416
-1.9,200,1504.632709
-1.9,200,1505.993884
-1.9,200,1507.391739
-1.9,200,1508.748821
-1.9,200,1510.104878
-1.9,200,1511.458318
-1.9,200,1512.872638
-1.9,200,1514.287307
-1.9,200,1515.666382
-1.9,200,1517.055105
-1.9,200,1518.414309
-1.9,200,1519.720074
-1.9,200,1521.030422
-1.9,200,1522.433224
-1.9,200,1523.777195
-2.0,200,1525.04685
-1.9,200,1526.37769
-1.9,200,1527.732867
-1.9,200,1529.082081
-1.9,200,1530.420325
-1.9,200,1531.767206
-1.9,200,1533.118515
-1.9,200,1534.474781
-1.9,200,1535.810481
-1.9,200,1537.15863
-1.9,200,1538.493822
-1.9,200,1539.837788
-1.9,200,1541.17192
-1.9,200,1542.536989
-1.9,200,1543.910569
-1.9,200,1545.306148
-1.9,200,1546.629778
-1.9,200,1547.951043
-1.9,200,1549.288132
-2.0,200,1550.584248
-1.9,200,1551.872723
-1.9,200,1553.146081
-1.9,200,1554.441318
-1.9,200,1555.792364
-1.9,200,1557.130781
-1.9,200,1558.459839
-1.9,200,1559.817066
-1.9,200,1561.142433
-1.9,200,1562.463407
-1.9,200,1563.744016
-1.9,200,1565.050771
-1.9,200,1566.357428
-2.0,200,1567.724949
-1.9,200,1569.018931
-1.9,200,1570.350584
-1.9,200,1571.669574
-1.9,200,1573.018481
-1.9,200,1574.400114
-1.9,200,1575.778834
-1.9,200,1577.084296
-1.9,200,1578.411594
-1.9,200,1579.773673
-1.9,200,1581.148379
-1.9,200,1582.512616
-1.9,200,1583.893813
-1.9,200,1585.276558
-1.9,200,1586.59932
-1.9,200,1587.937905
-1.9,200,1589.271935
-1.9,200,1590.58705
-1.9,200,1591.951225
-1.9,200,1593.312442
-1.9,200,1594.65424
-1.9,200,1595.980035
-1.9,200,1597.288761
-1.9,200,1598.616405
-1.9,200,1599.954829
-1.9,200,1601.254709
-1.9,200,1602.541032
-1.9,200,1603.827084
-1.9,200,1605.242126
-1.9,200,1606.557297
-1.9,200,1607.873892
-1.9,200,1609.186449
-1.9,200,1610.523576
-1.9,200,1611.880522
-1.9,200,1613.178673
-1.9,200,1614.502956
-1.9,200,1615.897563
-1.9,200,1617.291949
-1.9,200,1618.689653
-1.9,200,1620.057441
-1.9,200,1621.394122
-1.9,200,1622.754119
-1.9,200,1624.093654
-1.9,200,1625.399122
-1.9,200,1626.764068
-1.9,200,1628.056747
-1.9,200,1629.433777
-1.9,200,1630.820905
-1.9,200,1632.219938
-1.9,200,1633.515001
-1.9,200,1634.847204
-1.9,200,1636.170011
-1.9,200,1637.499163
-1.9,200,1638.758369
-1.9,200,1640.020414
-1.9,200,1641.367234
-1.9,200,1642.716367
-1.9,200,1643.99815
-1.9,200,1645.287967
-1.9,200,1646.581235
-1.9,200,1647.883591
-1.9,200,1649.196047
-1.9,200,1650.648277
-1.9,200,1651.951263
-1.9,200,1653.194856
-1.9,200,1654.580905
-1.9,200,1655.949597
-1.9,200,1657.263528
-2.0,200,1658.574728
-1.9,200,1659.906489
-1.9,200,1661.226084
-1.9,200,1662.560184
-1.9,200,1663.855729
-1.9,200,1665.216582
-1.9,200,1666.611259
-1.9,200,1668.004416
-1.9,200,1669.375774
-1.9,200,1670.704013
-1.9,200,1672.06024
-1.9,200,1673.452178
-1.9,200,1674.795144
-1.9,200,1676.118412
-1.9,200,1677.425429
-1.9,200,1678.773068
-1.9,200,1680.111156
-1.9,200,1681.451278
-1.9,200,1682.825856
-1.9,200,1684.1653
-1.9,200,1685.505444
-1.9,200,1686.876677
-1.9,200,1688.231684
-1.9,200,1689.558438
-1.9,200,1690.871656
-1.9,200,1692.21329
-1.9,200,1693.637502
-1.9,200,1694.986578
-1.9,200,1696.331715
-1.9,200,1697.678815
-1.9,200,1699.007631
-1.9,200,1700.342636
-1.9,200,1701.631887
-1.9,200,1702.91073
-1.9,200,1704.23099
-1.9,200,1705.600375
-1.9,200,1706.961222
-1.9,200,1708.321598
-1.9,200,1709.699401
-1.9,200,1711.047176
-2.0,200,1712.384733
-1.9,200,1713.683786
-1.9,200,1714.937546
-1.9,200,1716.216349
-1.9,200,1717.540565
-1.9,200,1718.845093
-1.9,200,1720.18025
-1.9,200,1721.552427
-1.9,200,1722.904723
-1.9,200,1724.223678
-1.9,200,1725.53041
-1.9,200,1726.856603
-1.9,200,1728.176024
-1.9,200,1729.504769
-1.9,200,1730.840924
-1.9,200,1732.140813
-1.9,200,1733.455984
-1.9,200,1734.81843
-1.9,200,1736.141276
-1.9,200,1737.462193
-1.9,200,1738.768751
-1.9,200,1740.06748
-1.9,200,1741.403758
-1.9,200,1742.751933
-1.9,200,1744.093971
-1.9,200,1745.447922
-1.9,200,1746.794197
-1.9,200,1748.124193
-1.9,200,1749.488112
-1.9,200,1750.810161
-1.9,200,1752.052164
-1.9,200,1753.38528
-1.9,200,1754.708549
-1.9,200,1756.113868
-1.9,200,1757.477701
-1.9,200,1758.84316
-1.9,200,1760.161061
-1.9,200,1761.546094
-1.9,200,1762.826213
-1.9,200,1764.060035
-1.9,200,1765.392698
-1.9,200,1766.69703
-1.9,200,1768.078612
-1.9,200,1769.430081
-1.9,200,1770.794554
-1.9,200,1772.175969
-1.9,200,1773.56714
-1.9,200,1774.962968
-1.9,200,1776.274284
-1.9,200,1777.563139
-1.9,200,1778.913931
-1.9,200,1780.315038
-1.9,200,1781.775313
-1.9,200,1783.259121
-1.9,200,1784.737874
-1.9,200,1786.180781
-1.9,200,1787.615178
-1.9,200,1788.959626
-1.9,200,1790.369364
-1.9,200,1791.755522
-1.9,200,1793.185824
-1.9,200,1794.645839
-1.9,200,1796.026245
-1.9,200,1797.333348
-1.9,200,1798.708263
-1.9,200,1800.112015
-1.9,200,1801.460226
-1.9,200,1802.78223
-1.9,200,1804.079576
-1.9,200,1805.430558
-1.9,200,1806.766593
-1.9,200,1808.108789
-1.9,200,1809.419405
-1.9,200,1810.733282
-1.9,200,1812.134825
-1.9,200,1813.436991
-1.9,200,1814.713061
-1.9,200,1816.062494
-1.9,200,1817.430299
-1.9,200,1818.766805
-1.9,200,1820.18631
-1.9,200,1821.587525
-1.9,200,1822.943202
-1.9,200,1824.272063
-1.9,200,1825.580245
-1.9,200,1826.942939
-1.9,200,1828.276793
-2.0,200,1829.637478
-1.9,200,1831.039523
-1.9,200,1832.466578
-1.9,200,1833.785582
-1.9,200,1835.082077
-1.9,200,1836.379768
-1.9,200,1837.737783
-1.9,200,1839.064247
-1.9,200,1840.380056
-1.9,200,1841.718705
-1.9,200,1843.056014
-1.9,200,1844.417419
-1.9,200,1845.8227
-1.9,200,1847.150611
-1.9,200,1848.499882
-1.9,200,1849.852065
-1.9,200,1851.17743
-1.9,200,1852.418374
-1.9,200,1853.703231
-1.9,200,1855.069949
-1.9,200,1856.407558
-1.9,200,1857.756185
-1.9,200,1859.100971
-1.9,200,1860.445832
-1.9,200,1861.77646
-1.9,200,1863.123502
-1.9,200,1864.45095
-1.9,200,1865.711458
-1.9,200,1867.067921
-1.9,200,1868.437252
-1.9,200,1869.790694
-1.9,200,1871.09731
-1.9,200,1872.445728
-1.9,200,1873.787736
-1.9,200,1875.165657
-1.9,200,1876.455461
-1.9,200,1877.762208
-1.9,200,1879.065892
-1.9,200,1880.423468
-1.9,200,1881.753951
-1.9,200,1883.107859
-1.9,200,1884.444543
-1.9,200,1885.770859
-1.9,200,1887.166518
-1.9,200,1888.514695
-1.9,200,1889.803526
-1.9,200,1891.146729
-1.9,200,1892.496665
-1.9,200,1893.858105
-1.9,200,1895.195793
-1.9,200,1896.530394
-1.9,200,1897.862164
-1.9,200,1899.247217
-1.9,200,1900.558594
-1.9,200,1901.795073
-1.9,200,1903.063564
-1.9,200,1904.427411
-2.0,200,1905.81557
-1.9,200,1907.165112
-1.9,200,1908.475694
-1.9,200,1909.841817
-1.9,200,1911.15884
-1.9,200,1912.489629
-1.9,200,1913.816867
-1.9,200,1915.156893
-1.9,200,1916.445529
-1.9,200,1917.773469
-1.9,200,1919.15802
-1.9,200,1920.495526
-1.9,200,1921.810847
-1.9,200,1923.15049
-2.0,200,1924.489575
-1.9,200,1925.804391
-1.9,200,1927.174414
-1.9,200,1928.513961
-1.9,200,1929.872407
-1.9,200,1931.196026
-1.9,200,1932.526958
-1.9,200,1933.844689
-1.9,200,1935.190152
-1.9,200,1936.537597
-1.9,200,1937.874454
-1.9,200,1939.220498
-1.9,200,1940.517165
-1.9,200,1941.824337
-1.9,200,1943.146341
-1.9,200,1944.495908
-1.9,200,1945.864398
-1.9,200,1947.241231
-1.9,200,1948.623952
-1.9,200,1949.977022
-1.9,200,1951.31097
-1.9,200,1952.596785
-1.9,200,1953.932787
-1.9,200,1955.22594
-1.9,200,1956.59136
-1.9,200,1957.902381
-1.9,200,1959.242821
-1.9,200,1960.5548
-1.9,200,1961.926026
-1.9,200,1963.289433
-1.9,200,1964.722143
-1.9,200,1966.299882
-1.9,200,1967.921941
-1.9,200,1969.630341
-1.9,200,1971.381456
-1.9,200,1973.148638
-1.9,200,1974.87589
-1.9,200,1976.671884
-1.9,200,1978.332408
-1.9,200,1979.953578
-1.9,200,1981.595644
-1.9,200,1983.332675
-1.9,200,1985.088768
-1.9,200,1986.835779
-1.9,200,1988.574328
-1.9,200,1990.313307
