#{"t_start": 1764223087.5396452, "env_id": "None"}
r,l,t
-16.7,200,0.129782
-17.0,200,0.253439
-16.7,200,0.381455
-14.6,200,0.507167
-16.5,200,0.641847
-16.4,200,0.769211
-17.4,200,0.898461
-15.6,200,1.032079
-15.5,200,1.162479
-16.0,200,1.288819
-15.6,200,1.415538
-16.0,200,1.543763
-16.2,200,1.674447
-15.6,200,1.803494
-16.8,200,1.938977
-13.3,200,2.067296
-16.1,200,2.200043
-18.0,200,2.330231
-16.6,200,2.45624
-16.9,200,2.584398
-4.3,200,3.96481
-3.4,200,5.359485
-3.3,200,6.752998
-4.6,200,8.105364
-6.8,200,9.461537
-2.9,200,10.856867
-2.8,200,12.263091
-2.8,200,13.678349
-2.7,200,15.077959
-2.4,200,16.468076
-2.3,200,17.837449
-2.4,200,19.212842
-2.4,200,20.600547
-2.5,200,21.984875
-2.4,200,23.387001
-2.3,200,24.766108
-0.46,106,25.495615
-2.3,200,26.845817
-2.7,200,28.196233
-2.4,200,29.588048
-2.3,200,30.971657
-0.76,46,31.296463
-2.3,200,32.682902
-2.4,200,34.070676
-2.7,200,35.438719
-2.9,200,36.81892
-2.5,200,38.212681
-2.4,200,39.620564
-2.6,200,41.034627
-2.9,200,42.43925
-3.6,200,43.821218
-2.8,200,45.172179
-2.8,200,46.568923
-2.8,200,47.956643
-2.5,200,49.343461
-2.6,200,50.753687
-2.6,200,52.162703
-2.3,200,53.548306
-0.99,149,54.546912
-2.7,200,55.924212
-2.4,200,57.325857
-2.2,200,58.709205
-2.6,200,60.102338
-2.3,200,61.482112
-2.0,200,62.838055
-2.9,200,64.195457
-2.4,200,65.58517
-3.2,200,66.979614
-2.3,200,68.366407
-2.5,200,69.760677
-2.3,200,71.095783
-2.5,200,72.462263
-2.1,200,73.835214
-2.2,200,75.237783
-2.7,200,76.637422
-2.6,200,78.034124
-2.3,200,79.416774
-2.5,200,80.819201
-2.3,200,82.189718
-2.4,200,83.575871
-2.7,200,84.977343
-2.3,200,86.352561
-2.4,200,87.758416
-2.2,200,89.159553
-2.0,200,90.559018
-2.6,200,91.942026
-2.4,200,93.338545
-2.3,200,94.736316
-2.7,200,96.137629
-2.1,200,97.546638
-2.2,200,98.9525
-2.3,200,100.350914
-2.7,200,101.718613
-2.2,200,103.12981
-2.3,200,104.545049
-2.2,200,105.960955
-2.1,200,107.353032
-2.3,200,108.754517
-2.6,200,109.999807
-2.3,200,111.046398
-2.1,200,112.236438
-2.2,200,113.565054
-2.5,200,114.7205
-2.3,200,115.877549
-2.1,200,117.248177
-2.1,200,118.651782
-2.5,200,120.018031
-0.91,151,121.052346
-2.1,200,122.44952
-2.4,200,123.854754
-2.1,200,125.258755
0.52,48,125.601438
-2.3,200,126.9958
-2.5,200,128.386323
-2.4,200,129.71658
-1.02,122,130.559838
-2.2,200,131.96735
-2.4,200,133.366997
-2.5,200,134.764142
-2.3,200,136.15663
-2.1,200,137.539308
-2.5,200,138.912097
-2.0,200,140.29891
-2.2,200,141.704972
-2.2,200,143.093775
-2.1,200,144.498521
-3.8,200,145.896699
0.82,28,146.098481
-3.6,200,147.470444
-2.2,200,148.842488
-2.0,200,150.255723
-2.8,200,151.658958
-5.3,200,153.065607
-4.0,200,154.474986
-2.3,200,155.855412
-2.4,200,157.220158
-2.9,200,158.599469
-2.5,200,159.994405
-2.2,200,161.402194
-2.6,200,162.818985
-2.4,200,164.227704
-3.1,200,165.556455
-2.3,200,166.808984
-2.2,200,168.190146
-2.7,200,169.598751
-2.0,200,171.016614
-2.7,200,172.424255
-2.3,200,173.826157
-2.1,200,175.217648
-2.1,200,176.592607
-2.6,200,177.97212
-1.45,175,179.186074
-2.2,200,180.589174
-2.2,200,181.971854
-2.3,200,183.383394
-2.3,200,184.771749
-2.4,200,186.150898
-2.47,167,187.317631
-2.0,200,188.720067
-3.5,200,190.13033
-2.3,200,191.538384
-2.2,200,192.956011
-2.7,200,194.35113
-2.2,200,195.753713
-2.4,200,197.201814
-2.4,200,198.645085
-2.5,200,200.106874
-2.5,200,201.527994
-2.2,200,202.929781
-2.2,200,204.308521
-3.7,200,205.696033
-2.5,200,207.063247
-2.3,200,208.465715
-2.8,200,209.872437
-2.4,200,211.273651
-2.6,200,212.657649
-3.0,200,214.032415
-3.0,200,215.434758
-2.1,200,216.853639
-2.5,200,218.262167
-2.0,200,219.688272
-2.3,200,221.105391
-2.3,200,222.508133
-2.6,200,223.898627
-2.1,200,225.312768
-2.7,200,226.758817
-2.1,200,228.176219
-2.3,200,229.593865
-2.4,200,230.997763
-2.3,200,232.381717
-2.0,200,233.780284
-2.9,200,235.191054
-2.6,200,236.595544
-2.2,200,237.99234
-2.6,200,239.385984
-2.4,200,240.77679
-3.1,200,242.159617
-0.53,123,243.01281
-2.4,200,244.409346
-1.4,200,245.8115
-2.2,200,247.231869
-3.2,200,248.640436
-2.6,200,250.009251
-2.1,200,251.388263
-2.3,200,252.790273
-2.5,200,254.211316
-2.0,200,255.613261
-2.2,200,257.007977
-2.0,200,258.39935
-2.0,200,259.787349
-2.1,200,261.17516
-2.1,200,262.579592
-0.42,112,263.366993
-2.2,200,264.769817
-2.1,200,266.178055
-2.0,200,267.577229
0.19,81,268.138422
-2.0,200,269.516031
-2.0,200,270.91608
-2.7,200,272.322017
-2.5,200,273.720673
-2.2,200,275.126576
-2.1,200,276.498159
-2.1,200,277.884276
-0.13,93,278.396933
0.26,64,278.731736
-2.2,200,279.850226
-3.0,200,281.089284
-2.3,200,282.508501
-2.4,200,283.916947
-2.0,200,285.322118
-2.4,200,286.722344
-2.2,200,288.108791
-2.2,200,289.514437
-2.4,200,290.909916
-2.1,200,292.303461
-2.3,200,293.700025
-2.5,200,295.113084
0.65,25,295.289654
-2.0,200,296.660044
-2.2,200,298.048152
-2.1,200,299.456323
-0.72,152,300.527186
-2.2,200,301.934589
-1.31,131,302.850653
-2.0,200,304.240334
-2.5,200,305.603837
-2.2,200,306.983858
-2.5,200,308.384929
-0.72,132,309.30903
-2.6,200,310.70698
-2.4,200,312.110703
-0.11,71,312.613527
-2.3,200,313.98301
-2.2,200,315.183002
-2.1,200,316.28065
-1.63,163,317.36567
-2.9,200,318.69648
-2.3,200,319.875308
-2.4,200,321.282481
-2.6,200,322.676936
-2.3,200,324.067101
-3.15,185,325.354486
-3.1,200,326.764134
-2.5,200,328.15427
-2.3,200,329.546144
0.32,68,330.019361
0.03,57,330.414869
-2.9,200,331.797253
-2.0,200,333.177679
-2.2,200,334.568257
-2.4,200,335.95904
-3.0,200,337.349838
-2.6,200,338.724497
-0.75,135,339.670489
-2.1,200,341.046779
-2.9,200,342.397288
-2.4,200,343.767732
-0.18,108,344.475808
-2.8,200,345.858273
-0.23,93,346.541656
-0.3,120,347.375782
-3.1,200,348.763081
-2.3,200,350.15604
-2.1,200,351.517381
-2.6,200,352.888804
-1.24,174,354.094296
-2.3,200,355.482693
-2.6,200,356.87844
-2.9,200,358.261793
-2.0,200,359.637936
-3.0,200,361.015393
-1.28,158,362.105015
-0.79,129,362.999499
-3.2,200,364.365345
-2.4,200,365.749295
-2.6,200,367.127952
-2.6,200,368.511234
-2.3,200,369.886827
-2.3,200,371.26796
-2.2,200,372.66721
-2.8,200,374.07053
-0.21,101,374.774994
-2.6,200,376.141519
-2.4,200,377.533545
-2.5,200,378.898093
-2.4,200,380.27943
-3.22,192,381.631461
-1.61,121,382.479074
-2.8,200,383.860726
-2.1,200,385.251833
-2.4,200,386.647361
-3.11,191,387.960761
-0.33,93,388.59938
-2.6,200,389.956983
-1.38,188,391.251717
-0.59,149,392.294277
-0.69,159,393.410338
-4.7,200,394.811461
-3.6,200,396.205221
-3.1,200,397.572513
-2.4,200,398.929525
-2.7,200,400.314984
-0.62,142,401.303451
-2.2,200,402.703981
0.37,53,403.074331
-0.62,132,403.99065
-1.03,193,405.335983
0.24,56,405.722203
-2.5,200,407.115531
-2.9,200,408.496042
-2.1,200,409.891759
-2.6,200,411.282007
-2.2,200,412.667757
-2.1,200,414.06178
-2.5,200,415.311145
-2.1,200,416.613755
-2.1,200,417.985077
-2.1,200,419.385908
-2.0,200,420.787333
-2.1,200,422.191455
-2.1,200,423.59272
-0.3,100,424.299159
-2.1,200,425.604503
-2.2,200,426.65314
-2.0,200,427.993357
-1.37,177,429.230062
-2.0,200,430.630768
-2.3,200,431.849993
-2.2,200,432.99336
0.13,67,433.381204
-2.5,200,434.568604
-2.1,200,435.652214
-2.3,200,437.044924
-2.2,200,438.291991
-2.1,200,439.456793
-2.0,200,440.603354
-2.1,200,441.990803
-2.3,200,443.383303
-2.0,200,444.765311
-2.0,200,446.133246
-2.0,200,447.518878
-2.0,200,448.913851
0.08,102,449.622947
-1.9,200,451.007631
-2.2,200,452.401518
-2.2,200,453.779013
-2.0,200,455.166189
-2.0,200,456.563956
-2.1,200,457.963013
-2.2,200,459.355623
-1.09,199,460.753544
-0.77,137,461.699985
-2.3,200,462.940234
-2.4,200,464.313276
-2.2,200,465.711852
-2.4,200,467.102983
-2.3,200,468.484269
-0.07,97,469.158807
-0.57,147,470.185027
-2.7,200,471.581553
-2.4,200,472.94211
-0.41,91,473.572781
0.21,49,473.914333
-2.1,200,475.306302
-2.3,200,476.700418
-2.3,200,478.055404
-2.2,200,479.449389
-2.3,200,480.834399
-2.1,200,482.206014
-2.3,200,483.589952
-2.0,200,484.865385
-2.1,200,486.253989
-1.29,199,487.628627
-2.0,200,489.01077
-2.1,200,490.365757
-2.3,200,491.720444
-2.1,200,493.109852
-0.7,150,494.152859
-2.3,200,495.531618
-2.0,200,496.912095
-1.18,108,497.664845
-1.56,156,498.735502
-1.54,174,499.924718
-2.1,200,501.305446
-2.1,200,502.696842
-2.1,200,504.091114
-2.09,139,505.067056
-2.0,200,506.455545
-2.6,200,507.842239
-0.53,113,508.622215
-2.3,200,509.985016
-2.4,200,511.38929
-2.3,200,512.698464
0.19,61,513.103494
-2.0,200,514.410192
-1.06,196,515.660788
-2.2,200,517.037215
-2.0,200,518.396341
-0.9,200,519.774157
-2.1,200,521.173638
-2.0,200,522.577479
-2.2,200,523.97335
-2.2,200,525.346848
-2.4,200,526.703998
-0.45,75,527.20779
0.54,36,527.449358
0.06,94,528.089537
-0.75,155,529.169118
-0.82,192,530.504274
-2.5,200,531.908499
-3.1,200,533.301003
-2.1,200,534.691277
-2.7,200,536.06647
0.04,76,536.585286
-1.09,169,537.737221
-0.96,146,538.742319
-2.3,200,540.131807
0.26,74,540.646261
-0.38,118,541.467163
-8.9,200,542.862918
-0.48,98,543.549759
-0.21,91,544.184954
-2.6,200,545.567793
-0.5,130,546.460621
0.05,105,547.191195
-0.21,101,547.897503
-0.38,138,548.861031
-2.2,200,550.246094
0.22,48,550.58256
-0.37,137,551.530089
-2.6,200,552.910321
-2.3,200,554.289935
0.69,31,554.507736
-2.3,200,555.885789
0.37,73,556.393552
-2.1,200,557.776997
-0.03,73,558.277191
-2.5,200,559.651291
-2.4,200,561.040655
-0.25,115,561.842012
-2.05,195,563.187083
-0.09,69,563.662243
-3.5,200,565.015867
0.13,67,565.487843
-0.38,118,566.30119
-0.05,95,566.959627
-2.2,200,568.3416
-1.09,169,569.51571
-1.77,167,570.674606
-4.3,200,572.042797
-2.3,200,573.398019
-2.4,200,574.7664
-2.4,200,576.14834
-0.98,108,576.905184
-2.2,200,578.287709
-1.14,184,579.559868
-2.1,200,580.933163
0.23,47,581.250773
-2.2,200,582.596463
-0.26,76,583.112236
-2.9,200,584.484458
-2.6,200,585.868921
-0.05,105,586.623533
-1.23,143,587.464319
-4.9,200,588.772356
0.26,74,589.286845
-2.1,200,590.651072
-0.76,136,591.566518
-2.1,200,592.917557
-2.1,200,594.302904
-3.07,197,595.66906
-2.1,200,597.052189
0.32,48,597.383774
-2.3,200,598.766524
-0.62,162,599.873128
-0.82,172,601.050466
-2.2,200,602.42139
-0.71,181,603.67106
-2.3,200,605.035173
-0.53,133,605.94795
-2.4,200,607.31839
-0.19,109,608.037341
-2.1,200,609.119798
-0.51,161,609.973863
0.28,42,610.20213
-2.1,200,611.26263
-2.3,200,612.524484
-0.1,60,612.902341
-0.18,128,613.781276
0.76,24,613.947961
-2.1,200,615.30882
0.39,61,615.725795
-0.39,109,616.438745
-2.7,200,617.81416
-0.72,162,618.901723
-2.0,200,620.171043
-0.95,125,621.010502
0.21,39,621.27796
0.11,69,621.752322
0.21,79,622.293
-0.92,172,623.464725
-2.2,200,624.833463
0.78,32,625.05759
-2.1,200,626.419286
-2.3,200,627.73732
-0.79,159,628.807513
-0.05,95,629.453764
0.61,29,629.649656
0.54,36,629.896981
-1.29,199,631.245144
-2.6,200,632.584404
0.27,43,632.883247
-2.1,200,634.20296
-0.83,133,635.108025
-0.38,108,635.846604
-2.4,200,637.198255
-2.2,200,638.526459
-0.58,118,639.331098
-2.1,200,640.673785
-0.34,124,641.518695
-2.3,200,642.87614
-0.93,123,643.716447
-1.47,177,644.924853
0.08,92,645.556473
0.45,55,645.928092
0.26,54,646.320133
-0.88,148,647.295062
0.46,44,647.587253
0.13,57,647.965689
-2.3,200,649.301495
-2.2,200,650.657797
-2.3,200,652.011176
-0.98,158,653.07118
-9.3,200,654.42001
-0.16,66,654.86965
-2.3,200,656.233928
-1.12,182,657.463867
-2.1,200,658.792046
-2.5,200,660.151312
-0.01,91,660.761446
0.45,45,661.071577
-0.2,80,661.614589
-2.2,200,662.957553
0.38,62,663.385011
0.33,57,663.775967
-2.0,200,665.116343
-2.2,200,666.468966
-2.0,200,667.815966
-2.0,200,669.184824
0.49,61,669.605336
-2.2,200,670.9335
-0.31,121,671.756326
-0.49,89,672.366566
-2.5,200,673.72207
-2.1,200,675.062295
-1.99,199,676.355999
0.06,74,676.865679
-2.0,200,678.227226
-0.19,89,678.838454
0.97,13,678.92845
-2.6,200,680.230721
0.52,58,680.565311
-2.6,200,681.70964
-2.8,200,682.991425
0.33,67,683.448287
-0.46,136,684.368517
-2.3,200,685.717591
-1.31,181,686.956378
-0.07,97,687.622734
0.42,28,687.816183
-2.5,200,689.104067
0.66,34,689.325855
-1.07,87,689.920674
-2.1,200,691.282313
-1.17,107,692.009744
-2.6,200,693.36126
-2.3,200,694.703959
-2.3,200,696.049501
0.23,27,696.236953
-2.7,200,697.594256
-0.85,85,698.171031
-2.2,200,699.525162
-2.7,200,700.882765
-0.92,182,702.110636
-2.3,200,703.451646
0.62,38,703.707031
-2.3,200,705.0604
-1.94,184,706.339142
-0.31,101,707.030612
-0.2,100,707.713606
-2.2,200,709.083402
-2.3,200,710.438512
-1.01,151,711.463741
-2.4,200,712.725356
-2.0,200,714.077707
0.11,69,714.546871
-0.63,123,715.380987
0.11,99,716.055875
-0.39,109,716.80563
-0.14,94,717.453483
-2.2,200,718.819829
-0.4,100,719.497659
-1.03,83,720.065025
0.14,56,720.447074
-0.39,129,721.318091
-1.77,197,722.649499
-3.2,200,724.001472
-1.07,187,725.268736
-0.37,107,725.994646
-1.2,160,727.08413
0.65,35,727.322839
-2.7,200,728.677396
-2.5,200,730.040495
0.16,84,730.608463
-4.7,200,731.953395
0.61,49,732.288636
0.15,75,732.806693
-0.16,86,733.397563
-1.22,172,734.563081
0.14,86,735.152134
0.14,86,735.741617
0.02,48,736.069853
0.31,49,736.406785
-0.34,84,736.978983
-0.04,74,737.483577
0.49,31,737.696476
0.16,84,738.273045
-2.3,200,739.622686
-1.23,93,740.253055
0.03,77,740.767939
0.21,89,741.365357
-2.0,200,742.706034
-0.9,110,743.448671
-0.85,115,744.231117
0.48,32,744.45037
-0.53,133,745.361388
-2.7,200,746.724489
0.16,84,747.297357
-1.45,155,748.359636
-0.96,156,749.414052
-0.6,120,750.220752
-2.3,200,751.5567
-0.88,148,752.506941
-0.11,101,753.160787
-0.52,112,753.914067
-0.39,119,754.717949
-1.09,169,755.867954
0.52,38,756.127576
-2.55,195,757.455397
-0.13,93,758.082918
-0.96,106,758.775025
-1.29,109,759.499765
-0.5,130,760.362472
0.21,59,760.762152
0.01,99,761.433321
0.74,26,761.612472
0.22,68,762.070214
-0.15,65,762.508471
0.45,55,762.881247
0.5,40,763.169926
-0.32,112,763.8149
-0.68,138,764.570113
-1.47,177,765.561456
0.38,72,765.972029
0.76,24,766.136565
-0.45,105,766.854917
-3.28,168,767.985771
-0.12,82,768.526124
-0.85,145,769.489799
0.3,70,769.957674
-2.6,200,771.289278
-0.01,81,771.837263
-3.4,200,773.172963
-0.47,117,773.9593
-1.1,140,774.896183
-2.4,200,776.234979
-2.7,200,777.584315
-1.13,173,778.738824
-0.1,60,779.128032
-1.13,113,779.884837
-3.0,200,781.215511
-0.85,135,782.138641
0.22,58,782.527342
-1.37,137,783.445945
-0.97,177,784.63319
-2.5,200,785.978336
-0.0,70,786.445236
-1.51,161,787.490406
-0.9,110,788.22156
-0.15,85,788.782837
-0.34,74,789.279842
-2.8,200,790.591411
-0.07,97,791.251928
0.36,44,791.545703
-0.47,97,792.198426
-2.6,200,793.514307
-1.56,116,794.284419
0.05,65,794.718273
-0.7,140,795.646587
0.04,46,795.948474
-0.06,86,796.508308
0.71,29,796.700069
-0.21,51,797.030096
0.34,36,797.262385
0.28,72,797.726584
0.54,36,797.96032
-2.08,168,799.069337
0.36,64,799.500683
-0.26,96,800.136781
0.75,35,800.367822
-0.04,54,800.723666
-0.83,113,801.477128
-0.45,65,801.909266
-1.33,93,802.522448
-0.31,91,803.129751
0.76,34,803.35424
-0.7,100,804.016021
0.07,63,804.437005
-3.8,200,805.726305
0.5,30,805.925765
-1.71,161,806.966923
-3.9,200,808.284939
-0.16,66,808.728531
-2.4,110,809.465164
-4.23,143,810.421932
0.82,18,810.546147
0.07,53,810.90092
-1.28,98,811.561067
-0.75,125,812.398318
0.54,26,812.574212
-1.83,183,813.79083
0.24,76,814.290119
0.39,51,814.626858
-1.62,132,815.490662
-0.71,81,816.022718
0.01,79,816.536523
0.55,45,816.840111
-0.18,68,817.293345
0.35,45,817.594826
-0.19,79,818.11959
-6.16,156,819.15261
-2.03,103,819.836061
-0.16,96,820.477741
-5.29,149,821.454071
-0.99,89,822.033656
-0.78,88,822.621651
-0.87,107,823.342783
-0.63,73,823.825645
0.28,62,824.234408
-7.8,200,825.518473
-0.81,101,826.204994
0.39,61,826.559355
-0.81,71,826.955405
-1.62,152,827.803004
0.13,77,828.231924
0.04,66,828.601698
-0.1,90,829.103539
-0.32,72,829.505343
-0.47,97,830.038445
-2.6,200,831.134231
0.53,57,831.456611
0.23,47,831.718818
-1.2,90,832.217998
0.16,84,832.68146
0.18,52,832.95999
-0.36,86,833.419737
0.41,59,833.733545
0.06,64,834.074135
0.33,27,834.218816
-3.7,200,835.279654
-0.59,109,835.875094
0.2,60,836.208311
-0.15,55,836.516693
-0.18,78,836.959635
-0.5,70,837.355705
-0.29,79,837.793417
0.25,25,837.929985
-0.72,142,838.703509
-0.09,69,839.083441
-1.39,139,839.842306
0.37,53,840.136019
-1.08,148,840.944114
0.47,53,841.23493
-1.41,141,842.012002
-0.5,80,842.444001
-0.09,89,842.92329
-0.88,98,843.453344
0.53,37,843.654953
-1.9,180,844.620661
0.46,24,844.75131
0.56,44,844.985177
-0.36,96,845.512264
-1.71,151,846.33596
-0.0,110,846.945818
-1.76,166,847.851538
0.03,37,848.056726
0.16,64,848.411788
0.13,67,848.782405
-0.84,54,849.079691
-2.31,181,850.069161
0.28,62,850.417135
-0.83,153,851.257304
-1.08,138,852.009303
0.52,38,852.21422
0.41,49,852.502798
-0.56,96,853.075673
0.51,39,853.283938
-0.3,70,853.659935
-1.19,169,854.561631
-1.64,184,855.552026
0.08,42,855.784825
0.67,33,855.965045
-1.02,82,856.41072
-1.87,177,857.355182
-0.16,76,857.767651
0.41,59,858.088118
-0.03,53,858.381811
0.47,63,858.727755
-0.06,56,859.034644
0.09,91,859.522779
0.34,56,859.823065
0.12,78,860.240922
-0.43,93,860.778204
-1.15,125,861.543925
-0.31,91,862.079653
-0.09,49,862.392697
0.52,38,862.630194
0.31,59,863.010334
0.34,56,863.373135
-0.29,119,864.142424
0.31,59,864.529208
-0.43,83,865.078062
-0.06,86,865.636717
0.39,41,865.905742
0.32,48,866.220423
-0.4,100,866.809038
-1.95,175,867.743873
-2.7,200,868.81251
0.14,76,869.221546
0.05,65,869.567465
0.4,50,869.838426
0.17,63,870.173487
-0.57,87,870.63364
-0.83,163,871.497207
0.42,38,871.702395
-1.11,121,872.347595
-1.37,167,873.292156
-0.06,56,873.598528
-0.6,110,874.187436
0.56,44,874.423053
-1.66,176,875.364348
-3.0,200,876.424335
-0.81,141,877.319915
-0.91,81,877.846745
0.75,25,878.009531
0.49,41,878.278774
0.12,88,878.843555
-0.19,119,879.616958
-0.05,85,880.16499
0.35,55,880.512549
0.53,37,880.742101
-0.11,71,881.192279
0.42,38,881.434674
-0.66,116,882.167703
-0.62,122,882.930822
0.19,51,883.266472
-0.88,138,884.164039
-17.0,200,885.448379
-2.05,185,886.634401
-13.0,200,887.928411
0.36,44,888.220354
0.1,80,888.748144
-0.61,121,889.540194
-2.5,200,890.828579
-1.68,158,891.838196
0.3,50,892.146611
0.22,68,892.584673
-0.15,55,892.94977
-0.9,140,893.848198
-0.43,83,894.345689
-2.16,136,895.215488
-0.75,135,896.090828
-1.04,174,897.22771
-16.0,200,898.543052
-0.28,128,899.376169
-1.15,175,900.497744
-0.04,54,900.843951
0.53,47,901.144611
-0.17,107,901.825332
-12.9,200,903.126782
-0.02,82,903.666055
-0.74,84,904.22172
-3.1,200,905.529265
0.46,44,905.82039
-1.45,145,906.782269
-0.19,109,907.502331
0.6,30,907.700942
-0.27,87,908.277527
-0.56,106,908.957689
0.28,52,909.295148
0.2,60,909.678397
-1.0,140,910.580128
-0.98,138,911.496975
-0.69,119,912.287522
-11.7,200,913.511939
-0.71,121,914.185642
-0.38,118,914.836998
0.76,24,914.968943
0.35,55,915.273233
-14.9,200,916.511305
0.53,47,916.824121
0.34,76,917.328446
0.2,40,917.59053
-0.17,127,918.415005
-16.0,200,919.705843
-0.84,124,920.524082
-14.2,200,921.847463
-0.5,130,922.706167
0.45,55,923.070502
-0.22,82,923.616739
0.41,39,923.880742
-0.64,124,924.700962
-14.5,200,926.020656
0.04,96,926.662702
0.69,41,926.92782
-0.46,126,927.755724
-0.52,92,928.35752
-0.29,49,928.682749
0.21,69,929.13199
-0.53,133,930.000572
-0.13,83,930.553347
0.01,79,931.079413
0.84,26,931.252788
0.07,83,931.803309
0.12,78,932.317702
-3.87,117,933.101035
-0.07,87,933.658324
0.16,84,934.208004
-1.56,116,934.977474
-0.18,88,935.556728
0.6,40,935.820605
-1.1,160,936.843416
-2.6,200,938.149399
-2.5,200,939.243444
-2.8,200,940.332047
-0.51,121,940.998296
-0.04,104,941.571328
-4.44,154,942.455001
0.29,51,942.794572
0.49,41,943.073378
-1.32,172,944.224725
-4.0,200,945.55934
-0.01,101,946.230497
-0.57,147,947.05867
-0.27,77,947.560026
0.4,50,947.889132
-2.7,200,949.223916
-2.4,200,950.383656
-0.02,82,950.834599
-0.29,79,951.272398
-7.78,138,952.03902
0.64,46,952.295014
-1.9,200,953.410969
-0.59,139,954.164529
-1.31,191,955.184492
0.33,47,955.438761
-0.24,114,956.049819
-0.05,65,956.400564
-1.01,161,957.433981
-0.33,93,958.05725
-2.47,157,959.107986
0.63,37,959.357641
0.44,46,959.665413
-0.01,51,960.01082
-0.08,68,960.469736
-2.4,200,961.798274
0.38,42,962.081104
-0.0,70,962.548472
-2.15,55,962.920157
-2.7,200,964.252946
-0.86,126,965.091843
0.8,30,965.288634
-2.6,200,966.585702
-0.06,96,967.227866
-2.6,200,968.561421
0.29,61,968.973001
-3.0,200,970.309417
-1.21,161,971.383191
0.68,32,971.596845
-2.3,200,972.927917
0.63,37,973.182976
0.4,50,973.505024
0.13,77,973.920814
-2.5,200,975.059791
0.1,60,975.463007
0.68,32,975.670651
-0.82,112,976.414711
-3.3,200,977.532366
-0.09,69,977.917716
-0.23,103,978.484442
0.76,24,978.645273
-2.8,200,979.971939
0.61,29,980.172353
-0.58,58,980.560415
-2.6,200,981.881387
-0.76,146,982.838286
0.33,57,983.220187
0.61,39,983.474269
0.21,69,983.93162
0.57,33,984.147955
0.7,30,984.338243
0.61,29,984.529704
0.48,52,984.869128
-2.7,200,986.174118
0.46,54,986.530762
-2.06,126,987.36236
0.82,28,987.548123
-2.5,200,988.850792
-1.3,160,989.910659
0.53,47,990.223209
-1.03,163,991.30234
0.73,37,991.547064
0.27,43,991.826953
0.22,38,992.075907
-1.1,160,993.105175
-2.7,200,994.385011
0.4,50,994.722978
-0.48,128,995.576055
0.4,40,995.844689
-1.11,191,997.099941
-2.9,200,998.415516
-1.04,164,999.497956
-0.82,162,1000.568152
-1.54,64,1000.992652
-2.5,200,1002.285617
-0.89,179,1003.441391
-2.4,200,1004.775327
-0.35,125,1005.607284
-0.73,173,1006.756357
-0.15,125,1007.583548
0.01,49,1007.912172
-0.47,147,1008.896742
-2.4,200,1010.223189
-2.1,200,1011.535647
-0.38,138,1012.428173
-0.13,73,1012.909763
-1.56,166,1014.007234
-0.57,127,1014.853207
-0.1,50,1015.184723
-2.4,200,1016.498232
-2.4,200,1017.830985
-1.19,199,1019.148865
-2.4,200,1020.470924
-2.1,200,1021.78266
-2.4,200,1023.0846
-2.6,200,1024.401625
-2.4,200,1025.723988
-0.92,152,1026.735452
-0.22,122,1027.55475
-0.76,156,1028.598826
-2.5,200,1029.930863
-1.73,193,1031.227789
0.71,29,1031.420008
0.64,36,1031.662165
-2.0,200,1032.933089
-0.13,93,1033.554106
-0.13,93,1034.17082
0.54,46,1034.482995
-2.3,200,1035.814309
0.03,87,1036.400052
-2.6,200,1037.731736
0.04,86,1038.305287
-2.4,200,1039.619102
-0.35,85,1040.190053
-2.1,200,1041.517817
0.38,62,1041.943019
-0.65,135,1042.853046
-2.4,200,1044.187842
-2.2,200,1045.527817
0.53,47,1045.84361
-2.3,200,1047.180362
0.18,72,1047.668965
-2.2,200,1048.98349
-2.6,200,1050.303714
-1.22,182,1051.527896
-2.1,200,1052.864134
-2.0,200,1054.202276
-2.0,200,1055.544425
-2.3,200,1056.885509
-2.3,200,1058.235006
-2.1,200,1059.567811
-0.83,163,1060.667847
0.61,39,1060.933367
-2.1,200,1062.283162
0.18,42,1062.571334
-2.1,200,1063.859106
0.4,40,1064.089202
-2.0,200,1065.221876
-2.1,200,1066.567952
-2.5,200,1067.975143
-0.13,113,1068.753364
0.37,53,1069.115282
-0.25,125,1069.952115
0.35,55,1070.334717
-2.0,200,1071.652572
-2.5,200,1072.99888
0.2,60,1073.396302
-2.3,200,1074.732621
-11.3,200,1076.068153
-0.05,105,1076.769517
-0.69,129,1077.623016
-2.2,200,1078.952592
-2.1,200,1080.3025
0.26,74,1080.803148
0.54,36,1081.048824
-2.8,200,1082.405746
-2.6,200,1083.755939
-0.81,171,1084.901796
-0.21,81,1085.438656
-2.0,200,1086.755991
-5.22,162,1087.849425
-0.38,138,1088.791945
0.3,60,1089.198723
-1.7,200,1090.550737
-0.94,164,1091.656708
-2.6,200,1092.9951
-4.84,194,1094.303555
0.15,75,1094.80426
-0.92,142,1095.758056
-2.4,200,1097.111165
0.61,29,1097.313126
0.48,32,1097.533302
0.28,22,1097.68372
0.55,45,1097.988088
0.07,93,1098.619526
0.01,79,1099.153799
-2.1,200,1100.503016
-1.7,190,1101.793276
0.93,17,1101.907912
0.43,37,1102.157864
-0.94,154,1103.19756
-2.2,200,1104.525805
-0.74,144,1105.480274
-0.54,114,1106.24727
-0.19,99,1106.914205
-0.94,124,1107.744653
-0.5,140,1108.691483
0.7,30,1108.890567
0.14,96,1109.53705
-2.2,200,1110.88139
-0.96,146,1111.865612
-0.39,79,1112.398249
0.13,67,1112.852225
-2.4,200,1114.185369
-0.73,93,1114.809513
-0.7,110,1115.54965
-1.07,177,1116.739542
-1.15,145,1117.709452
0.43,47,1118.027407
0.6,40,1118.299666
0.14,26,1118.476151
0.01,89,1119.073462
0.12,68,1119.527598
-1.93,173,1120.685565
-1.15,155,1121.706342
-2.6,200,1123.008995
-0.25,115,1123.772856
0.05,85,1124.337561
-0.87,127,1125.197117
-0.73,163,1126.328797
-9.3,200,1127.684789
-1.56,76,1128.198177
-0.75,175,1129.380511
-2.3,200,1130.730662
-2.2,200,1132.067164
-8.7,200,1133.411179
-0.02,42,1133.697659
-0.42,82,1134.253325
-0.28,108,1134.883204
-2.4,200,1136.230914
-2.4,200,1137.573277
0.2,60,1137.980848
-0.88,178,1139.175627
-3.5,200,1140.506174
0.53,27,1140.690547
-0.36,86,1141.257724
-2.2,200,1142.577798
-0.15,115,1143.357153
-0.98,178,1144.557092
-2.1,200,1145.90909
-2.3,200,1147.259553
-10.3,200,1148.60556
-5.49,149,1149.600039
-0.68,138,1150.517432
-1.14,194,1151.803953
-6.16,116,1152.587367
-0.28,98,1153.244004
0.38,42,1153.533336
-2.6,200,1154.875467
-9.2,200,1156.224078
-2.5,200,1157.565931
-2.7,200,1158.921134
-11.8,200,1160.237958
0.31,59,1160.640161
-1.09,179,1161.833665
-0.67,127,1162.661147
-2.0,200,1164.008233
-0.55,125,1164.863166
-0.44,114,1165.636303
-0.7,120,1166.44783
-2.3,200,1167.792336
0.01,69,1168.256505
-4.3,200,1169.593183
0.49,31,1169.806039
-0.98,158,1170.820552
-0.87,137,1171.742732
-2.0,200,1173.081461
0.44,66,1173.533639
-1.38,158,1174.60054
-0.21,111,1175.351535
-2.1,200,1176.704683
0.02,88,1177.292507
-2.5,200,1178.608091
-0.7,100,1179.269849
-0.69,109,1180.005856
0.5,60,1180.41359
-1.0,130,1181.291994
-2.2,200,1182.640859
-2.1,200,1183.996467
-0.34,114,1184.770432
-2.2,200,1186.102684
-0.31,81,1186.653772
-1.58,188,1187.896781
-0.2,120,1188.700063
-2.1,200,1190.05938
-13.58,178,1191.260107
0.09,71,1191.742429
-0.05,85,1192.322229
-2.1,200,1193.666422
-1.38,198,1195.011659
-2.5,200,1196.336325
0.66,34,1196.567123
-0.03,83,1197.12623
0.14,66,1197.576278
0.81,29,1197.77091
0.7,30,1197.976843
0.72,38,1198.238268
-2.1,200,1199.577317
0.51,49,1199.914147
0.06,94,1200.551015
0.46,34,1200.775783
0.13,77,1201.294878
-2.0,200,1202.643932
0.73,37,1202.895327
-2.4,200,1204.251237
-2.2,200,1205.572705
-5.47,147,1206.551089
0.27,43,1206.838326
-0.82,162,1207.932469
0.46,44,1208.231233
-7.57,137,1209.158127
0.6,30,1209.366467
-0.06,96,1210.019202
-0.83,153,1211.063096
-0.64,124,1211.90438
-2.6,200,1213.256451
0.55,55,1213.620166
0.79,31,1213.827217
-2.2,200,1215.139541
-0.11,91,1215.741272
-0.92,112,1216.47614
-0.62,162,1217.578023
0.21,69,1218.041086
-2.3,200,1219.380637
-0.59,99,1220.048976
-0.16,106,1220.764839
0.63,37,1221.01499
-2.4,200,1222.361053
-0.53,153,1223.379822
0.54,46,1223.689015
-0.45,105,1224.367782
-0.14,84,1224.857744
-0.83,153,1225.711739
0.77,33,1225.905098
-0.39,79,1226.341378
0.36,44,1226.584734
0.03,77,1227.018291
-0.59,129,1227.809966
-0.17,97,1228.456192
-0.06,96,1229.003032
-1.3,190,1230.202668
0.34,56,1230.577878
-2.2,200,1231.753245
-2.0,200,1232.91964
-0.53,143,1233.70805
-0.29,79,1234.13335
-2.2,200,1235.353477
0.24,66,1235.79497
-0.52,102,1236.479714
0.7,30,1236.684642
-2.2,200,1237.967712
-0.04,74,1238.467287
0.7,30,1238.66869
0.79,31,1238.871684
0.68,42,1239.148849
0.85,25,1239.319139
-0.19,109,1240.049638
0.36,74,1240.543747
0.74,26,1240.719471
0.57,33,1240.939258
0.34,46,1241.245052
-2.3,200,1242.533414
-0.11,41,1242.80039
-0.38,138,1243.69804
-2.7,200,1245.022299
-1.44,54,1245.382316
-2.2,200,1246.695584
0.38,32,1246.891008
0.19,71,1247.277598
0.49,41,1247.500107
-0.09,109,1248.137876
-2.3,200,1249.2316
-2.4,200,1250.337379
0.34,76,1250.753726
-0.86,146,1251.524343
0.77,23,1251.647082
0.05,85,1252.098221
-0.13,73,1252.48297
-0.91,151,1253.419914
-2.4,200,1254.741082
0.33,37,1254.992507
0.82,28,1255.183861
-2.3,200,1256.507515
-0.16,116,1257.281738
0.14,66,1257.724249
-0.03,103,1258.403419
-0.76,136,1259.292596
0.56,34,1259.517039
0.35,35,1259.749338
-0.31,51,1260.082806
-0.11,111,1260.805316
0.12,38,1261.054586
0.27,73,1261.526417
0.76,24,1261.681951
-0.84,164,1262.735805
-0.63,133,1263.609431
0.36,64,1264.042378
-2.0,200,1265.346673
-13.81,181,1266.540087
-2.4,200,1267.862662
0.35,65,1268.288943
0.26,74,1268.773991
0.59,31,1268.984437
0.62,28,1269.1664
-1.26,166,1270.237553
-0.15,125,1271.043361
-0.99,189,1272.2782
-0.82,132,1273.153205
-0.41,121,1273.947624
0.7,30,1274.14973
-0.01,101,1274.815363
0.36,44,1275.106178
0.18,62,1275.517175
0.27,73,1275.998428
0.12,78,1276.515961
-0.16,106,1277.220865
-0.88,98,1277.861361
0.41,69,1278.318496
-3.2,200,1279.601089
0.42,38,1279.843046
0.34,46,1280.138997
-1.08,178,1281.287731
-0.75,135,1282.174684
0.7,30,1282.372987
0.05,65,1282.801943
0.28,72,1283.276955
0.26,44,1283.570095
-0.18,118,1284.338963
0.81,29,1284.535656
0.8,30,1284.728134
0.61,29,1284.921702
-2.07,187,1286.151532
0.3,70,1286.603152
0.01,99,1287.250076
0.61,49,1287.574367
0.18,72,1288.041528
0.47,53,1288.388939
0.47,33,1288.603336
0.03,57,1288.968493
-0.37,87,1289.523511
-0.21,121,1290.286982
0.38,32,1290.485694
0.42,38,1290.735222
-0.33,123,1291.514765
-0.84,134,1292.351145
0.19,31,1292.552735
-1.34,164,1293.620857
0.28,72,1294.089769
0.11,59,1294.47617
-0.46,136,1295.364687
0.76,24,1295.520805
-0.27,87,1296.08958
0.17,93,1296.694807
-2.5,200,1297.978425
-0.14,54,1298.336068
0.8,30,1298.529432
-0.22,92,1299.114527
-0.07,67,1299.541177
0.22,38,1299.784128
-0.05,55,1300.148934
0.89,21,1300.288554
-0.76,166,1301.331387
-0.31,61,1301.733041
-0.19,119,1302.515477
-0.57,117,1303.277908
0.14,46,1303.577826
-0.35,55,1303.931737
-0.31,51,1304.267602
0.18,72,1304.741467
-0.89,159,1305.774993
0.66,34,1306.000546
0.54,46,1306.326401
0.24,76,1306.813764
-2.5,200,1308.063084
0.04,86,1308.605994
0.24,76,1309.095959
0.1,40,1309.354072
0.33,37,1309.592114
-0.88,168,1310.682301
0.58,42,1310.957945
0.04,86,1311.50737
-2.5,200,1312.804773
0.24,76,1313.300104
-0.74,144,1314.229485
-0.07,97,1314.856165
0.31,29,1315.045076
-0.59,149,1316.020981
-2.4,200,1317.291555
-0.09,79,1317.786457
0.49,41,1318.059675
-10.0,200,1319.334284
0.27,53,1319.678582
0.5,30,1319.872136
0.45,55,1320.229856
0.68,32,1320.435934
-0.57,137,1321.336236
0.76,24,1321.496151
-1.68,188,1322.702948
-2.6,200,1323.970348
0.54,36,1324.167418
-0.75,115,1324.775774
0.62,38,1324.980091
-1.06,166,1325.864964
0.06,64,1326.271123
-0.36,126,1327.034298
-0.86,116,1327.64959
0.46,54,1327.935008
-0.59,109,1328.520993
0.07,63,1328.856089
-0.47,117,1329.481103
0.08,102,1330.028781
0.1,50,1330.300009
-1.36,156,1331.144271
-0.56,156,1331.98612
-0.21,111,1332.582868
-11.9,200,1333.649427
-1.13,183,1334.62749
0.3,70,1334.999228
0.3,70,1335.372458
-14.6,200,1336.429488
-0.56,136,1337.269405
-0.53,123,1338.0677
-0.14,104,1338.724659
-2.2,200,1339.802482
0.33,77,1340.219851
-2.6,200,1341.421251
-2.3,200,1342.729154
-0.32,142,1343.662986
-2.3,200,1344.849583
