#{"t_start": 1764212842.3361595, "env_id": "None"}
r,l,t
-5.8,200,1.296564
-3.1,200,1.400793
-3.9,200,1.515492
-5.7,200,1.62436
-2.7,200,1.733332
-3.9,200,1.837854
-4.4,200,1.942132
-5.0,200,2.04642
-3.1,200,2.150864
-2.9,200,2.255211
-3.2,200,2.36184
-3.7,200,2.47263
-1.42,192,2.577823
-5.7,200,2.686221
-4.7,200,2.793644
0.06,74,2.832318
-3.4,200,2.93972
-3.3,200,3.049094
-3.0,200,3.162928
-3.9,200,3.269675
-3.3,200,3.380196
-4.8,200,3.487168
-4.1,200,3.591808
-3.8,200,3.696631
-3.7,200,3.801615
-1.99,129,3.870974
-4.4,200,3.984724
-3.1,200,4.089272
-5.0,200,4.193844
-4.3,200,4.297983
-3.5,200,4.40232
-4.7,200,4.507259
-5.6,200,4.611779
-4.3,200,4.715783
-4.2,200,4.819739
-3.6,200,4.9232
-3.8,200,5.025908
-1.3,90,5.072243
-4.4,200,5.176126
-3.2,200,5.280222
-5.8,200,5.384504
-5.3,200,5.48893
-4.4,200,5.592736
-4.6,200,5.697622
-3.7,200,5.801762
-1.15,85,5.846035
-4.6,200,5.950959
-3.6,200,6.055193
-3.3,200,6.159405
-4.1,200,6.263469
-4.2,200,6.367444
-3.5,200,6.471706
-3.6,200,6.581326
-3.7,200,6.686284
-1.21,91,6.736473
-4.3,200,6.84087
-4.9,200,6.961437
-4.5,200,7.068058
-4.6,200,7.172319
-4.8,200,7.276444
-4.7,200,7.381478
-5.4,200,7.487037
-4.1,200,7.592828
-4.9,200,7.697835
-4.5,200,7.802079
-4.2,200,7.906277
-4.0,200,8.010753
-4.0,200,8.114759
-6.1,200,8.21899
-3.0,200,8.323201
-4.9,200,8.427315
-5.3,200,8.531612
-3.3,200,8.635828
-3.4,200,8.743992
-4.3,200,8.855439
-3.5,200,8.961934
-4.7,200,9.066706
-2.6,200,9.179277
-2.75,185,9.307804
-4.7,200,9.437002
-2.72,142,9.515091
-4.0,200,9.622502
-3.4,200,9.72905
-4.1,200,9.836214
-4.2,200,9.943238
-3.6,200,10.049942
-4.2,200,10.156312
-3.9,200,10.261151
-3.6,200,10.365773
-3.4,200,10.470227
-4.9,200,10.574986
-4.6,200,10.680966
-4.7,200,10.787145
-4.6,200,10.893097
-4.3,200,11.001155
-5.0,200,11.113062
-4.9,200,11.219259
-1.5,110,11.277609
-3.7,200,11.383465
-0.2,70,11.420496
-3.3,200,11.526422
-4.1,200,11.63246
-1.97,157,11.715196
-4.6,200,11.820824
-5.3,200,12.287234
-7.2,200,12.573231
-7.7,200,12.886833
-8.5,200,13.175793
-9.4,200,13.462479
-7.8,200,13.754359
-8.4,200,14.036658
-7.3,200,14.309853
-7.2,200,14.586854
-5.3,200,14.867147
-5.5,200,15.152252
-5.5,200,15.42817
-8.9,200,15.702628
-2.37,117,15.868664
-4.1,200,16.14005
-7.3,200,16.425731
-3.7,200,16.706702
-3.8,200,16.98863
-5.3,200,17.273931
-2.9,200,17.556695
-4.5,200,17.8364
-3.2,200,18.114344
-2.4,200,18.400104
-5.0,200,18.698427
-4.7,200,18.988443
-3.7,200,19.285135
-2.6,200,19.579476
-3.1,200,19.867416
-3.7,200,20.172156
-3.4,200,20.470228
-3.5,200,20.760889
-3.3,200,21.056493
-3.6,200,21.3416
-2.9,200,21.629171
-2.7,200,21.92225
-3.7,200,22.206609
-2.7,200,22.485656
-2.5,200,22.760675
-2.7,200,23.045082
-3.2,200,23.320646
-2.8,200,23.632841
-3.0,200,23.919367
-2.7,200,24.207188
-2.3,200,24.498648
-2.4,200,24.783451
-2.7,200,25.066685
-3.1,200,25.354105
-2.8,200,25.636957
-2.4,200,25.914553
-2.7,200,26.202433
-2.6,200,26.490171
-2.1,200,26.78932
-2.5,200,27.097989
-2.7,200,27.387791
-2.5,200,27.674772
-2.4,200,27.970073
-2.7,200,28.272171
-2.1,200,28.566137
-2.8,200,28.858925
-2.4,200,29.152504
-2.6,200,29.450317
-2.4,200,29.745327
-2.2,200,30.036703
-2.4,200,30.331809
-2.1,200,30.660803
-2.7,200,30.953985
-1.13,163,31.200995
-2.0,200,31.511623
-2.4,200,31.828168
-3.1,200,32.112974
-2.5,200,32.410297
-2.9,200,32.698639
-2.6,200,32.989435
-2.2,200,33.283996
-2.6,200,33.57869
-2.5,200,33.875437
-2.7,200,34.182872
-2.8,200,34.486933
-3.0,200,34.793848
-3.0,200,35.099944
-2.4,200,35.40606
-2.6,200,35.704797
-2.5,200,35.999779
-3.0,200,36.291073
-2.2,200,36.59056
-2.5,200,36.893413
0.19,81,37.014128
-2.9,200,37.317593
-2.2,200,37.628481
0.55,25,37.6659
-0.9,80,37.785784
-1.01,141,38.004308
-2.9,200,38.309269
-2.7,200,38.58195
-0.82,122,38.751314
-2.7,200,39.033848
-2.1,200,39.32877
-2.5,200,39.635069
-0.73,143,39.856449
-2.6,200,40.160409
-2.5,200,40.470918
-2.2,200,40.768724
-2.6,200,41.068573
-2.4,200,41.359256
-1.66,186,41.652801
-2.3,200,42.012675
-1.38,168,42.28303
-2.7,200,42.602062
-2.4,200,42.906851
-3.1,200,43.229928
-1.35,175,43.527172
-2.4,200,43.866358
-2.7,200,44.196564
-2.3,200,44.525418
-0.7,130,44.734153
-0.62,112,44.912145
-2.1,200,45.28926
-3.1,200,45.643103
-2.4,200,45.990741
-2.7,200,46.36039
-2.2,200,46.747122
-2.4,200,47.127816
-2.6,200,47.546349
-2.2,200,47.94141
-0.72,112,48.182756
-2.3,200,48.59195
-2.0,200,48.971725
-2.7,200,49.348539
0.35,25,49.399099
-2.6,200,49.780064
-2.5,200,50.170322
-1.8,190,50.542753
-2.5,200,50.872074
0.07,53,50.963169
-2.1,200,51.320093
-2.9,200,51.682324
0.2,60,51.789536
-2.9,200,52.143022
-0.0,30,52.205178
-2.4,200,52.56628
-2.0,200,52.91483
-2.8,200,53.268121
-2.5,200,53.619793
-2.7,200,53.967902
-2.7,200,54.323574
-2.2,200,54.725764
-2.4,200,55.096187
-2.5,200,55.465682
-2.2,200,55.896932
-2.4,200,56.268055
-2.5,200,56.631721
-0.11,111,56.827496
-2.3,200,57.195195
-1.41,171,57.51253
-1.72,152,57.793003
-2.3,200,58.155832
-2.2,200,58.516042
-2.6,200,58.887253
-0.43,113,59.096599
0.77,33,59.158011
0.41,29,59.212438
-1.35,185,59.549307
-2.3,200,59.909636
-2.2,200,60.275631
-2.4,200,60.655808
-2.4,200,61.044003
-2.5,200,61.415
-0.7,160,61.719858
-2.4,200,62.096146
-2.5,200,62.463746
-2.4,200,62.831017
-2.3,200,63.217031
-0.74,144,63.49405
-0.16,76,63.637697
-2.5,200,64.027502
-2.4,200,64.449956
-2.6,200,64.85704
-1.16,166,65.177961
-2.3,200,65.559417
-2.4,200,65.94409
-2.5,200,66.312401
-2.4,200,66.677106
-2.4,200,67.050638
-2.4,200,67.428454
-2.4,200,67.806032
-2.5,200,68.199108
-0.49,109,68.406281
-2.2,200,68.799505
-2.3,200,69.181601
-2.4,200,69.573894
-2.1,200,69.954293
-2.4,200,70.349234
-2.8,200,70.733549
0.06,84,70.89693
-2.6,200,71.286649
-1.16,196,71.669861
-2.2,200,72.060395
-2.6,200,72.447773
-0.23,103,72.645613
-2.3,200,73.029827
-2.8,200,73.409712
-2.7,200,73.797459
-2.5,200,74.183922
-2.4,200,74.576542
-2.4,200,74.970666
-2.7,200,75.348672
-2.4,200,75.736707
-3.1,200,76.119136
-2.8,200,76.499009
-1.23,193,76.8758
-2.5,200,77.27135
-2.6,200,77.662819
-2.5,200,78.06953
-2.9,200,78.463944
-2.6,200,78.847306
-2.4,200,79.238635
-2.8,200,79.630616
-2.4,200,80.04935
-2.3,200,80.440982
-2.5,200,80.826841
-2.4,200,81.205636
-2.2,200,81.590463
-2.2,200,81.972543
-0.36,136,82.238848
-2.3,200,82.61964
-2.8,200,83.005533
-2.6,200,83.380922
-2.7,200,83.769193
-2.6,200,84.14735
-2.9,200,84.524125
-2.6,200,84.897054
-2.7,200,85.271899
-2.1,200,85.643471
-2.2,200,86.018505
-2.3,200,86.391578
0.42,28,86.444589
-0.15,115,86.721353
-2.4,200,87.11411
-2.3,200,87.523073
-2.9,200,87.933069
-2.2,200,88.336703
-9.6,200,88.746199
0.85,15,88.778353
-3.0,200,89.171435
-2.3,200,89.569861
-2.7,200,90.013911
-0.56,76,90.187978
-2.5,200,90.677475
-2.4,200,91.137764
-2.7,200,91.523834
-0.15,115,91.730175
-2.7,200,92.116832
0.97,13,92.145069
-2.9,200,92.53581
-2.8,200,92.965477
-2.4,200,93.411034
-2.9,200,93.8383
-1.1,150,94.122563
-2.2,200,94.527279
0.39,61,94.648765
-1.24,144,94.938113
0.2,40,95.017795
-2.6,200,95.441674
-2.6,200,95.857157
-1.54,174,96.190936
-2.1,200,96.696988
-0.11,91,96.931178
-3.1,200,97.34734
-2.6,200,97.813858
-2.3,200,98.268773
-3.0,200,98.694651
-2.5,200,99.104329
-2.5,200,99.489161
-2.5,200,99.974806
-0.45,125,100.237108
-2.8,200,100.664253
-1.42,152,100.977145
-1.51,191,101.368511
-2.8,200,101.770272
0.97,13,101.7943
0.52,48,101.885074
-2.2,200,102.277913
-0.31,111,102.502475
-2.6,200,102.885128
-2.4,200,103.279512
-2.2,200,103.683961
-2.8,200,104.069958
-2.7,200,104.491757
0.75,15,104.52376
-2.4,200,104.980044
0.03,67,105.1374
-2.5,200,105.599449
-2.9,200,106.012636
-2.4,200,106.401298
-2.7,200,106.784503
-2.1,200,107.160556
-2.6,200,107.544731
0.02,28,107.597248
-0.0,90,107.775014
-2.5,200,108.162147
0.3,50,108.252208
0.85,15,108.281163
-2.4,200,108.662209
-0.32,92,108.83515
-2.5,200,109.215464
-2.2,200,109.664921
0.33,47,109.770999
-2.5,200,110.211094
-2.9,200,110.600991
-2.5,200,110.988746
-1.46,186,111.336104
-2.2,200,111.781897
-1.05,145,112.069073
-2.4,200,112.52477
-2.5,200,112.961126
0.17,33,113.034655
-2.2,200,113.425803
-2.3,200,113.891547
-1.24,164,114.265602
-2.5,200,114.67291
-0.67,137,114.97359
-2.6,200,115.417751
-2.8,200,115.826814
-2.4,200,116.275456
-2.2,200,116.761909
-0.99,139,117.074275
-2.8,200,117.526169
-2.6,200,117.987492
-2.5,200,118.543105
-2.4,200,118.992574
-2.5,200,119.47867
-2.6,200,119.933233
-2.4,200,120.355117
-2.2,200,120.79946
-2.4,200,121.218428
-0.69,109,121.45233
-1.57,177,121.807132
-2.8,200,122.205596
-2.9,200,122.597078
-0.71,111,122.830532
-1.32,162,123.167177
-2.1,200,123.571756
-0.6,110,123.835415
-2.5,200,124.303192
-2.9,200,124.752816
-2.3,200,125.218603
-2.2,200,125.696583
-2.6,200,126.196003
-2.6,200,126.692942
-2.5,200,127.186703
-3.0,200,127.678806
-2.5,200,128.166222
-2.4,200,128.692417
-2.5,200,129.217571
-1.22,182,129.681529
-2.3,200,130.208655
-0.45,115,130.514733
-0.01,71,130.699929
-2.3,200,131.213441
-2.4,200,131.75231
-2.4,200,132.275602
-2.3,200,132.795815
-2.7,200,133.306357
-2.1,200,133.811556
-2.5,200,134.406507
-2.2,200,134.921341
-0.29,69,135.11568
0.78,32,135.205306
-2.5,200,135.713672
-2.5,200,136.231944
-2.2,200,136.726149
-2.5,200,137.220561
-1.37,197,137.698086
-2.4,200,138.193169
-2.7,200,138.724198
-2.7,200,139.218316
-2.4,200,139.723346
-2.5,200,140.315654
-2.5,200,140.881304
-2.7,200,141.390083
-2.3,200,141.899566
-2.3,200,142.419491
-2.5,200,142.972596
-3.0,200,143.545002
-2.6,200,144.104083
-1.56,186,144.628386
-2.7,200,145.203547
-0.25,85,145.459902
0.85,15,145.502588
-2.3,200,146.085859
-2.4,200,146.682804
-2.5,200,147.207821
-2.6,200,147.808268
0.43,37,147.914883
-2.3,200,148.417191
-2.5,200,148.884986
-2.7,200,149.350865
-2.4,200,149.821962
-2.5,200,150.289493
-2.4,200,150.818045
-2.3,200,151.296319
-2.4,200,151.778881
-2.7,200,152.280092
0.96,14,152.317295
-2.8,200,152.821904
-2.7,200,153.313121
-2.7,200,153.81408
0.87,13,153.845192
-2.6,200,154.346765
-2.8,200,154.846565
-3.0,200,155.354962
-2.4,200,155.864789
-2.2,200,156.370975
-2.3,200,156.876698
-2.9,200,157.375016
-2.4,200,157.891032
-2.5,200,158.403211
-2.5,200,158.91579
-0.24,64,159.086995
-2.8,200,159.589975
-2.3,200,160.096959
-2.6,200,160.605665
-2.8,200,161.109143
-2.4,200,161.574529
-2.6,200,162.044611
-2.4,200,162.501292
-2.4,200,162.965461
-2.2,200,163.474203
-2.2,200,163.978429
-2.4,200,164.481387
-2.1,200,164.979545
-2.5,200,165.476811
-2.7,200,165.974313
-2.4,200,166.468458
-1.35,185,166.918566
-2.9,200,167.399117
-2.5,200,167.887124
-2.3,200,168.358502
-0.67,117,168.624738
-0.04,74,168.795178
-2.4,200,169.280778
-2.6,200,169.762555
-2.7,200,170.240579
-2.5,200,170.721429
-2.4,200,171.202663
-3.0,200,171.678188
-2.2,200,172.132098
-2.4,200,172.590861
-1.1,160,172.963108
0.77,13,172.992122
-1.6,190,173.429124
-2.4,200,173.888299
-2.3,200,174.341416
0.48,22,174.390056
-2.9,200,174.844321
-2.9,200,175.303656
-2.7,200,175.760568
-0.37,117,176.033227
-2.8,200,176.500262
-2.5,200,176.967726
-2.4,200,177.439409
-2.4,200,177.911025
-2.5,200,178.382757
-2.7,200,178.858562
-2.1,200,179.333126
-2.4,200,179.790486
-2.6,200,180.247808
-2.6,200,180.716911
-2.5,200,181.177806
-2.5,200,181.637323
-2.7,200,182.0956
-2.6,200,182.560581
-2.9,200,183.032523
-1.59,199,183.509172
0.88,12,183.537278
-2.3,200,184.004579
-2.4,200,184.465605
-2.3,200,184.930165
-2.8,200,185.388779
-2.3,200,185.849788
-2.2,200,186.308144
-2.3,200,186.770355
-2.9,200,187.23278
-2.3,200,187.704533
-2.4,200,188.172205
-3.3,200,188.651078
-2.5,200,189.111126
-2.7,200,189.579777
-2.5,200,190.056912
-2.5,200,190.526932
-0.73,153,190.88803
0.82,18,190.93506
-2.5,200,191.413059
-2.6,200,191.896522
-2.2,200,192.367357
-2.6,200,192.843188
-2.6,200,193.314001
-2.5,200,193.795309
-2.3,200,194.278847
-2.6,200,194.759501
-2.6,200,195.24262
-2.7,200,195.737109
-2.3,200,196.239193
-2.8,200,196.740743
-2.2,200,197.237479
-2.7,200,197.731335
-3.0,200,198.217948
-2.5,200,198.701542
-2.6,200,199.193577
-2.3,200,199.69653
-0.17,107,199.967463
-2.3,200,200.457745
-2.6,200,200.944308
-2.5,200,201.429339
-2.6,200,201.919191
-2.2,200,202.399322
-3.0,200,202.899155
-2.7,200,203.396527
-2.8,200,203.882282
-2.5,200,204.370265
-2.7,200,204.85246
-2.2,200,205.343893
-2.3,200,205.82971
-2.6,200,206.339441
-2.6,200,206.839329
-2.6,200,207.336544
-2.3,200,207.844343
-2.4,200,208.345536
-2.4,200,208.854711
-2.7,200,209.362503
-2.7,200,209.856532
-2.7,200,210.350704
-2.3,200,210.887938
-2.5,200,211.377425
-2.9,200,211.865645
-2.7,200,212.344507
0.43,37,212.425822
-2.5,200,212.906586
-2.7,200,213.388751
-3.2,200,213.872959
-2.3,200,214.365426
-3.0,200,214.857152
-2.6,200,215.352827
-2.8,200,215.834502
-2.9,200,216.319619
-2.4,200,216.808643
-2.7,200,217.297952
-3.1,200,217.789493
-2.9,200,218.272983
-2.8,200,218.755465
-1.52,192,219.226842
-2.4,200,219.711467
-2.2,200,220.200969
-2.4,200,220.724102
-2.8,200,221.198546
-2.3,200,221.697312
-2.7,200,222.18285
-2.6,200,222.675797
-2.4,200,223.159995
-2.3,200,223.634023
-2.9,200,224.113345
0.03,77,224.306003
-0.08,78,224.500745
-2.4,200,224.991133
-2.6,200,225.47769
-2.8,200,225.974209
-2.7,200,226.448784
-2.4,200,226.935364
-2.3,200,227.417229
-3.0,200,227.905874
-2.9,200,228.394932
-2.4,200,228.884842
-2.5,200,229.375677
-3.2,200,229.864538
-2.9,200,230.355627
-3.0,200,230.847887
-2.9,200,231.334713
-2.6,200,231.821637
-2.6,200,232.313902
-2.5,200,232.800549
-0.04,84,233.014972
-2.5,200,233.498365
-2.6,200,233.988757
-2.7,200,234.47852
-2.8,200,234.957156
-2.8,200,235.446098
-2.8,200,235.936336
-2.2,200,236.416681
-2.7,200,236.902065
-2.9,200,237.414333
-2.4,200,237.878152
-2.5,200,238.349993
-2.2,200,238.810264
-2.1,200,239.287717
-2.5,200,239.757951
-2.5,200,240.221446
-2.5,200,240.684242
-2.1,200,241.138045
-2.5,200,241.613488
-2.4,200,242.088193
-2.5,200,242.548867
-2.0,200,243.001703
-0.48,88,243.200143
-0.32,112,243.460271
-2.2,200,243.941231
-2.7,200,244.42071
-2.5,200,244.897887
-2.6,200,245.38048
-2.7,200,245.860531
-2.6,200,246.340292
-2.8,200,246.821333
-2.9,200,247.287743
-2.1,200,247.751492
-2.4,200,248.220023
-2.7,200,248.688708
-2.5,200,249.166104
-2.4,200,249.632141
-2.8,200,250.098696
-2.6,200,250.563012
-3.1,200,251.024411
-3.0,200,251.480929
-2.3,200,251.933754
-2.3,200,252.391267
-2.3,200,252.84734
-2.8,200,253.297461
-2.9,200,253.754313
-2.7,200,254.21352
-2.5,200,254.671449
-2.8,200,255.153045
-0.21,111,255.417813
-2.9,200,255.888762
-0.76,156,256.255248
-2.3,200,256.725783
-2.2,200,257.181762
-2.5,200,257.648022
-2.4,200,258.107126
-2.5,200,258.581135
-2.2,200,259.031198
-2.3,200,259.494064
-2.6,200,259.957989
-3.1,200,260.434906
-3.0,200,260.896622
-2.4,200,261.361509
-2.4,200,261.836962
-2.4,200,262.300158
-2.2,200,262.758542
-2.3,200,263.210707
-2.8,200,263.674587
-2.3,200,264.1162
-2.6,200,264.568956
-2.4,200,265.028628
-2.6,200,265.485946
-2.4,200,265.953274
-2.6,200,266.419986
-2.2,200,266.901802
-2.2,200,267.371112
-2.2,200,267.83981
-2.4,200,268.297779
-2.4,200,268.759884
-2.5,200,269.23775
-2.5,200,269.722233
-2.3,200,270.200097
-2.5,200,270.714327
-2.7,200,271.221884
-2.7,200,271.721801
-2.6,200,272.211184
-2.3,200,272.703799
-2.7,200,273.200329
-2.5,200,273.65267
-2.4,200,274.089406
-2.5,200,274.518892
-2.8,200,274.943826
-2.8,200,275.390251
-2.6,200,275.849915
-2.8,200,276.301713
-2.5,200,276.754201
-2.3,200,277.230268
-2.7,200,277.721056
-2.7,200,278.206757
-2.7,200,278.702283
-3.0,200,279.193462
-2.3,200,279.694777
-3.1,200,280.182799
-2.5,200,280.67829
-2.7,200,281.160316
-2.2,200,281.650737
-2.6,200,282.134147
-2.9,200,282.620848
-2.3,200,283.112933
-2.3,200,283.605728
-2.3,200,284.097391
-2.5,200,284.585271
-2.8,200,285.050829
-2.2,200,285.510827
-2.4,200,285.984403
-2.8,200,286.448003
-2.4,200,286.914633
-2.7,200,287.370505
-2.6,200,287.833898
-2.5,200,288.292554
-2.5,200,288.790097
-2.4,200,289.291178
-2.4,200,289.796671
-2.2,200,290.293672
-2.5,200,290.790061
-2.1,200,291.289044
-2.4,200,291.781548
-2.9,200,292.271185
-2.2,200,292.762994
-2.6,200,293.259231
-2.4,200,293.748459
-2.1,200,294.24554
-2.7,200,294.741906
-2.2,200,295.246157
-2.3,200,295.745177
-2.4,200,296.218205
-2.5,200,296.68487
-2.6,200,297.139807
-2.6,200,297.611007
-2.5,200,298.101931
-2.0,200,298.606737
-2.4,200,299.098936
-2.6,200,299.577717
-2.4,200,300.078645
-2.9,200,300.589125
-2.4,200,301.082315
-2.2,200,301.57919
-2.2,200,302.100456
-2.4,200,302.602061
-2.6,200,303.101684
-2.3,200,303.597751
-2.6,200,304.097863
-2.3,200,304.596252
-2.5,200,305.095198
-2.5,200,305.583653
-2.3,200,306.079024
-2.4,200,306.574461
-2.6,200,307.093815
-2.7,200,307.565174
-2.8,200,308.029332
-2.7,200,308.490454
-2.4,200,308.950388
-2.5,200,309.40731
-2.6,200,309.866504
-2.6,200,310.324814
-2.9,200,310.78663
-2.6,200,311.28218
-2.1,200,311.779842
-2.7,200,312.282727
-2.2,200,312.778789
-2.3,200,313.2678
-2.9,200,313.762815
-2.6,200,314.25685
-2.7,200,314.758615
-2.7,200,315.255942
-2.3,200,315.749897
-2.4,200,316.221661
-2.4,200,316.698744
-2.9,200,317.171607
-2.5,200,317.640251
-2.4,200,318.106295
-2.4,200,318.575234
0.64,36,318.659392
-2.5,200,319.114178
-2.5,200,319.577449
-2.6,200,320.037494
-2.4,200,320.499451
0.15,45,320.6109
-2.7,200,321.074769
-2.3,200,321.544946
-2.5,200,322.001332
-2.2,200,322.465047
0.17,43,322.563055
-2.2,200,323.041698
-2.2,200,323.517388
-2.3,200,323.985788
-2.3,200,324.452408
-2.3,200,324.928875
-2.4,200,325.406329
-2.6,200,325.874352
-2.5,200,326.355975
-2.4,200,326.829493
-2.5,200,327.294984
-2.2,200,327.75691
-2.3,200,328.223198
-2.5,200,328.693676
-3.1,200,329.15714
-2.1,200,329.619811
-2.1,200,330.082356
-2.1,200,330.55464
-2.6,200,331.066924
-2.1,200,331.559598
-2.3,200,332.056194
-2.5,200,332.552757
-2.5,200,333.038991
-2.3,200,333.534349
-2.2,200,334.033057
-2.1,200,334.534419
-2.5,200,335.036712
-2.4,200,335.535292
-2.3,200,336.034068
-2.5,200,336.539479
-1.31,161,336.947465
-2.5,200,337.452256
-2.5,200,337.954296
-2.5,200,338.461263
-2.6,200,338.965019
-2.3,200,339.469254
-2.4,200,339.968747
-2.4,200,340.467169
-2.7,200,340.967692
-2.4,200,341.468112
-2.1,200,341.967893
-2.2,200,342.458211
-2.0,200,342.950754
-2.4,200,343.437158
-2.3,200,343.940768
-2.5,200,344.447776
-2.5,200,344.951352
-2.2,200,345.46169
-2.2,200,345.967074
-2.4,200,346.472769
-2.4,200,346.98004
-2.4,200,347.492216
-2.4,200,348.003282
-2.3,200,348.510332
-2.5,200,349.017181
-2.4,200,349.524687
-2.2,200,350.02572
-2.1,200,350.527817
-2.2,200,351.03345
-2.5,200,351.541392
-2.7,200,352.046793
-2.5,200,352.541606
-2.2,200,353.029437
-12.04,144,353.378899
-2.1,200,353.866844
-2.4,200,354.350239
-2.4,200,354.840477
-2.7,200,355.328334
-2.3,200,355.819839
-2.5,200,356.325028
-2.2,200,356.8389
-2.4,200,357.34457
-2.7,200,357.857492
-2.3,200,358.358234
-2.3,200,358.867505
-2.2,200,359.373389
-2.5,200,359.861318
-2.2,200,360.351481
-2.3,200,360.858627
-2.3,200,361.373018
-2.4,200,361.894841
-2.5,200,362.408482
-2.2,200,362.910228
-2.4,200,363.407181
-2.4,200,363.904225
-3.1,200,364.402324
-2.5,200,364.902059
-2.5,200,365.387868
-2.5,200,365.879992
-2.2,200,366.369892
-2.3,200,366.870798
-2.6,200,367.374752
-2.3,200,367.878069
-2.3,200,368.37357
-2.3,200,368.850041
-2.6,200,369.32757
-2.5,200,369.81098
-2.6,200,370.298473
-2.6,200,370.787017
-0.44,104,371.047328
-2.1,200,371.537672
-2.3,200,372.030755
-2.5,200,372.508863
-2.3,200,372.984672
-2.2,200,373.463521
-2.5,200,373.930496
-2.8,200,374.394142
-2.2,200,374.863198
-2.4,200,375.332516
-2.2,200,375.797753
-2.1,200,376.258696
-2.6,200,376.733702
-2.5,200,377.200002
-2.4,200,377.687864
-2.2,200,378.166082
-0.47,147,378.511969
-2.5,200,378.993407
-2.6,200,379.469278
-2.6,200,379.948838
-2.4,200,380.431491
-2.5,200,380.915463
-2.5,200,381.417248
-2.7,200,381.918226
-2.3,200,382.408867
-2.6,200,382.889192
-2.3,200,383.363504
-2.6,200,383.845789
-2.9,200,384.33986
-2.3,200,384.827447
-2.5,200,385.317176
-2.6,200,385.803899
-2.3,200,386.294194
-2.6,200,386.781198
-2.6,200,387.264809
-2.5,200,387.746581
-2.7,200,388.25008
-2.6,200,388.746946
-2.5,200,389.248324
0.36,64,389.408515
-2.4,200,389.907402
-2.4,200,390.408213
-2.1,200,390.940417
-2.2,200,391.456584
-2.8,200,391.974567
-2.5,200,392.482079
-2.4,200,392.992224
-2.5,200,393.501142
-2.7,200,394.009009
-2.7,200,394.512554
-2.5,200,395.024942
-2.2,200,395.527252
-2.6,200,396.014735
-2.5,200,396.512229
-2.5,200,397.005612
-2.8,200,397.502046
-0.07,47,397.622629
-2.3,200,398.120278
-2.6,200,398.620749
-2.3,200,399.128716
-3.2,200,399.644439
-2.8,200,400.165146
-2.9,200,400.671985
-2.9,200,401.186506
-2.3,200,401.702693
-2.6,200,402.210191
-2.7,200,402.739124
-2.7,200,403.258334
-2.6,200,403.779865
-2.3,200,404.306431
-2.4,200,404.811347
-2.7,200,405.326603
-2.5,200,405.846022
-2.3,200,406.356806
-3.2,200,406.856902
-2.6,200,407.359458
-2.4,200,407.864737
-2.8,200,408.372365
0.78,32,408.451828
-2.5,200,408.939562
-2.2,200,409.427715
-2.3,200,409.927272
-2.7,200,410.423851
-2.5,200,410.930495
-2.4,200,411.43292
-2.6,200,411.956071
-2.2,200,412.474253
-2.4,200,412.986596
-2.3,200,413.4994
-2.2,200,414.006807
-2.7,200,414.531554
0.37,33,414.616333
-2.6,200,415.126948
-2.6,200,415.648099
-2.4,200,416.166721
-3.1,200,416.685019
-2.4,200,417.196386
0.26,34,417.284365
-2.7,200,417.795719
-2.6,200,418.306807
-2.8,200,418.821957
-2.0,200,419.323969
-3.2,200,419.818721
-2.5,200,420.330042
-2.7,200,420.855578
-2.4,200,421.375976
-2.6,200,421.898782
-3.1,200,422.412498
-2.8,200,422.914775
-2.5,200,423.417757
-2.7,200,423.920037
-1.16,196,424.41562
-2.8,200,424.924239
-2.1,200,425.409908
-2.4,200,425.913719
-2.7,200,426.418765
-2.8,200,426.913103
-2.1,200,427.421832
-3.1,200,427.922066
-2.2,200,428.410857
-2.0,200,428.904677
-0.75,115,429.190284
-3.0,200,429.685035
-2.0,200,430.171932
-2.3,200,430.671721
-2.1,200,431.164337
-3.2,200,431.662152
-2.5,200,432.172105
-2.1,200,432.679975
-2.5,200,433.190186
-2.0,200,433.69653
-2.7,200,434.199691
-2.7,200,434.706125
-2.1,200,435.216916
-2.1,200,435.726354
-2.8,200,436.231953
0.77,33,436.313458
-2.7,200,436.819041
-2.2,200,437.318853
-2.5,200,437.822238
-2.1,200,438.325015
-2.4,200,438.820712
-2.6,200,439.31196
-2.4,200,439.80302
-2.2,200,440.301847
-2.9,200,440.79402
-2.3,200,441.288136
-2.5,200,441.776561
-2.2,200,442.270552
-3.1,200,442.769625
-2.5,200,443.272521
-2.6,200,443.775971
-2.7,200,444.282728
-2.2,200,444.790626
-2.5,200,445.297837
-2.4,200,445.79851
-2.3,200,446.294942
-2.5,200,446.769087
0.1,60,446.916118
-2.3,200,447.414047
-3.2,200,447.903462
-3.0,200,448.39869
-2.4,200,448.87949
-2.5,200,449.356358
-2.3,200,449.828302
-2.0,200,450.303627
-2.0,200,450.813399
-2.1,200,451.302781
-2.7,200,451.793135
-2.8,200,452.282304
-2.4,200,452.77617
-2.0,200,453.277478
-2.8,200,453.79203
-2.5,200,454.300264
-2.1,200,454.813574
-2.1,200,455.321603
-2.6,200,455.81732
-2.6,200,456.308085
-2.3,200,456.801366
-2.3,200,457.292534
-2.1,200,457.770419
-2.3,200,458.251818
-2.1,200,458.735853
-2.3,200,459.229501
-2.1,200,459.702069
-2.6,200,460.187091
-2.6,200,460.661556
-2.4,200,461.151481
-2.0,200,461.645787
-2.1,200,462.135423
-2.3,200,462.616751
-2.5,200,463.099479
-2.0,200,463.591367
-2.2,200,464.099068
-2.6,200,464.611112
-2.3,200,465.086558
-2.4,200,465.564856
-2.2,200,466.040277
-2.7,200,466.518367
-2.1,200,467.030589
-2.2,200,467.543798
-2.1,200,468.059546
-3.1,200,468.573803
-2.4,200,469.067528
-2.3,200,469.570487
-2.6,200,470.081516
-2.1,200,470.593611
-2.1,200,471.093434
-2.1,200,471.59092
-2.3,200,472.082519
-2.3,200,472.585693
-2.3,200,473.073201
-2.3,200,473.56302
-2.2,200,474.05469
-2.5,200,474.535141
-2.7,200,475.030869
-2.3,200,475.528314
-2.2,200,476.043874
-2.2,200,476.558859
-2.2,200,477.065176
-2.7,200,477.572054
-2.2,200,478.08499
-2.4,200,478.587247
-2.4,200,479.110892
-2.6,200,479.638215
-2.2,200,480.16504
-2.8,200,480.689717
-2.4,200,481.218223
-2.4,200,481.733392
-2.8,200,482.242163
-2.4,200,482.744042
-2.5,200,483.250988
-2.3,200,483.743187
-2.2,200,484.245726
-2.5,200,484.7475
-2.0,200,485.242216
-2.2,200,485.74731
-2.0,200,486.254577
-2.2,200,486.761496
-2.3,200,487.275415
-2.4,200,487.785817
-2.6,200,488.296074
-2.7,200,488.80176
-2.6,200,489.305671
-2.4,200,489.820095
-2.2,200,490.319683
-2.4,200,490.825349
-2.3,200,491.32875
-2.1,200,491.848789
-6.5,200,492.358319
-2.2,200,492.861577
-2.9,200,493.348763
-2.7,200,493.835066
-2.2,200,494.321653
-2.3,200,494.809427
-2.0,200,495.281619
-2.6,200,495.776995
-2.1,200,496.281831
-3.0,200,496.790869
-3.1,200,497.303155
-4.3,200,497.808712
-2.5,200,498.319807
-2.2,200,498.831544
-2.6,200,499.344585
-2.5,200,499.858747
-2.4,200,500.374791
-2.8,200,500.895104
-2.6,200,501.422255
-2.7,200,501.939087
-2.5,200,502.454701
-2.2,200,502.955848
-2.2,200,503.45965
-2.2,200,503.972656
-2.1,200,504.491245
-2.3,200,504.986907
-2.4,200,505.477556
-2.9,200,505.970038
-2.1,200,506.463903
-2.9,200,506.951494
-2.3,200,507.446
-2.0,200,507.9415
-2.2,200,508.442355
-2.5,200,508.948725
-2.3,200,509.447411
-2.4,200,509.959001
-2.7,200,510.465032
-2.2,200,510.976
-2.3,200,511.442573
-2.4,200,511.916774
-2.4,200,512.396194
-2.5,200,512.872485
-2.3,200,513.348063
-2.6,200,513.838682
-2.4,200,514.327271
-2.6,200,514.807006
-2.8,200,515.290001
-2.9,200,515.778306
-2.3,200,516.262583
-2.4,200,516.739736
-0.16,106,516.982527
-2.1,200,517.434426
-2.3,200,517.888873
-2.4,200,518.345851
-2.2,200,518.809856
-0.89,159,519.175616
-2.1,200,519.63742
0.32,48,519.753432
-2.8,200,520.240033
-2.5,200,520.728292
-2.4,200,521.215537
-2.3,200,521.700753
-2.3,200,522.182956
-3.1,200,522.669013
-2.6,200,523.165712
-2.4,200,523.658245
-2.3,200,524.156703
-2.4,200,524.648553
-2.2,200,525.140208
-2.4,200,525.624691
-2.3,200,526.101615
-2.7,200,526.572832
-2.2,200,527.043546
-2.7,200,527.5216
-2.1,200,527.977257
-2.1,200,528.432022
-2.4,200,528.892511
-3.3,200,529.345032
-2.1,200,529.80869
-2.2,200,530.26341
-2.4,200,530.719858
-2.5,200,531.17355
-2.6,200,531.652913
-2.6,200,532.12203
-2.1,200,532.605335
-2.3,200,533.084344
0.55,35,533.161612
-2.1,200,533.63073
-2.7,200,534.116446
-2.0,200,534.583007
-2.4,200,535.063052
-2.6,200,535.533784
-3.0,200,536.012497
-2.4,200,536.483624
-2.1,200,536.958744
-0.91,131,537.273709
-2.6,200,537.742717
-2.5,200,538.222202
-2.8,200,538.703294
-2.5,200,539.174078
-2.6,200,539.640845
-2.5,200,540.11047
-2.7,200,540.578226
-2.7,200,541.043963
-2.5,200,541.507282
-2.5,200,541.974663
-0.35,85,542.169853
-2.6,200,542.642811
-2.3,200,543.122671
-2.2,200,543.609582
-2.3,200,544.09485
-2.4,200,544.576837
-2.5,200,545.054885
-2.6,200,545.537052
-2.5,200,546.019202
-2.1,200,546.502007
-2.9,200,546.982346
-2.3,200,547.459888
-2.2,200,547.945915
-2.8,200,548.439598
-2.4,200,548.935099
-2.7,200,549.42359
-2.4,200,549.921714
-2.8,200,550.404966
-2.4,200,550.888945
-2.5,200,551.369448
-2.6,200,551.848996
-2.4,200,552.322208
-2.2,200,552.787273
-2.0,200,553.258664
-2.7,200,553.735149
-2.7,200,554.230223
-2.9,200,554.724089
-2.1,200,555.212392
-2.1,200,555.69988
-2.8,200,556.186932
-2.3,200,556.682859
-2.2,200,557.176211
-2.2,200,557.662796
-2.6,200,558.141959
0.78,22,558.195959
-2.2,200,558.6814
-2.8,200,559.16065
-2.4,200,559.655864
-2.4,200,560.141751
-2.4,200,560.628317
-2.4,200,561.111636
-0.99,189,561.568456
-2.4,200,562.045565
-2.4,200,562.522563
-2.4,200,563.004411
-0.07,87,563.206575
-2.1,200,563.681685
-2.3,200,564.149396
-2.4,200,564.621618
0.54,36,564.709418
-0.2,60,564.851783
-2.5,200,565.334831
-2.1,200,565.833051
-2.4,200,566.322809
-2.3,200,566.818889
0.3,40,566.917849
-2.6,200,567.401731
-2.6,200,567.886402
-0.43,103,568.135394
-3.1,200,568.624382
-2.5,200,569.107271
-2.1,200,569.588229
-2.5,200,570.085476
0.19,61,570.231072
-2.1,200,570.772209
-2.3,200,571.2944
-2.2,200,571.809342
-2.4,200,572.345102
-2.2,200,572.875407
-2.6,200,573.381695
-3.2,200,573.885865
-2.3,200,574.39115
-2.7,200,574.897971
-2.2,200,575.397014
-2.6,200,575.891798
-2.7,200,576.391256
-2.5,200,576.893937
-2.3,200,577.407341
-2.5,200,577.925743
-2.3,200,578.445768
-2.2,200,578.957118
-2.4,200,579.475569
-2.2,200,579.988225
-2.7,200,580.507162
-2.7,200,581.019447
-2.4,200,581.529222
-2.7,200,582.037264
-2.4,200,582.547825
-2.7,200,583.060832
-2.2,200,583.573336
-2.6,200,584.074219
-2.1,200,584.578143
-2.5,200,585.06521
-2.6,200,585.556014
-2.4,200,586.036121
-2.2,200,586.509466
-2.2,200,586.988171
-2.6,200,587.462506
-2.4,200,587.941644
-2.4,200,588.433735
-2.6,200,588.938483
-3.0,200,589.450998
-2.2,200,589.964721
-2.7,200,590.476833
-2.7,200,590.986077
-2.7,200,591.498183
-2.3,200,592.011759
-2.5,200,592.522927
-2.4,200,593.036717
-2.3,200,593.547677
-2.7,200,594.057446
-2.2,200,594.566833
-2.9,200,595.083281
-2.1,200,595.592337
-2.4,200,596.096623
-2.3,200,596.5852
-2.3,200,597.078579
-2.7,200,597.568583
-2.6,200,598.056917
-2.7,200,598.555192
-2.5,200,599.053523
-2.8,200,599.539457
-2.7,200,600.050315
-2.5,200,600.565654
-2.5,200,601.073291
-2.9,200,601.590767
-2.6,200,602.102571
-2.2,200,602.618106
-2.2,200,603.132921
-3.0,200,603.643481
-2.5,200,604.155105
-2.1,200,604.671606
-2.5,200,605.245833
-2.8,200,605.734702
-2.5,200,606.218172
-0.05,85,606.428349
-2.7,200,606.914496
-2.3,200,607.390802
-2.3,200,607.856896
-2.5,200,608.324308
-2.7,200,608.791244
-2.6,200,609.244502
-2.6,200,609.703315
-0.22,102,609.936667
-2.8,200,610.403792
-2.6,200,610.873937
-2.6,200,611.353128
-2.9,200,611.840849
-3.0,200,612.330885
-3.1,200,612.86565
-2.8,200,613.32777
-0.41,91,613.547224
-3.1,200,614.025928
0.22,58,614.156886
-2.4,200,614.623913
-2.3,200,615.105102
-2.4,200,615.584548
-2.4,200,616.080736
-2.3,200,616.543411
-2.7,200,617.015418
-2.3,200,617.48665
-3.0,200,617.98021
-2.1,200,618.539179
-2.4,200,619.064701
-2.5,200,619.582059
-2.2,200,620.074642
-2.7,200,620.562922
-2.9,200,621.056578
-2.7,200,621.556346
-2.4,200,622.072178
-2.8,200,622.573599
-2.8,200,623.08392
-2.2,200,623.597741
-2.9,200,624.10422
-2.8,200,624.606318
-2.2,200,625.111235
-2.3,200,625.616066
-2.6,200,626.115628
-3.1,200,626.614863
0.77,23,626.673205
-2.3,200,627.180622
-2.2,200,627.679223
-2.5,200,628.176532
-2.9,200,628.67844
-2.6,200,629.178791
-3.2,200,629.677567
-3.1,200,630.17194
-2.4,200,630.693046
-2.8,200,631.158995
-0.37,127,631.445679
-2.2,200,631.901998
-2.7,200,632.368454
-2.3,200,632.830523
-3.0,200,633.28679
-2.9,200,633.751967
-2.5,200,634.255398
-2.9,200,634.75018
-2.5,200,635.253468
-2.8,200,635.75155
-2.7,200,636.261665
-2.7,200,636.760234
-3.2,200,637.261794
-2.5,200,637.766637
-2.8,200,638.267824
-2.7,200,638.771704
-2.8,200,639.260215
-2.7,200,639.756673
-2.5,200,640.251879
-2.9,200,640.749902
-2.2,200,641.254082
-2.6,200,641.725924
-2.7,200,642.189616
-2.7,200,642.657941
-2.5,200,643.131139
-2.5,200,643.601617
-2.5,200,644.070954
-2.1,200,644.540002
-2.8,200,645.002574
-2.9,200,645.500731
-2.9,200,645.999019
-2.4,200,646.496789
-2.6,200,646.998867
-2.7,200,647.498973
-3.2,200,647.997132
-3.4,200,648.494953
-2.4,200,648.998874
-2.4,200,649.512237
-2.2,200,650.010912
-2.8,200,650.507669
-2.4,200,651.006904
-2.3,200,651.509449
-2.6,200,652.010758
-3.1,200,652.518042
-2.5,200,653.004323
-2.7,200,653.477387
0.78,22,653.527561
-2.6,200,654.007506
-2.4,200,654.479529
-2.7,200,654.951989
-2.6,200,655.421452
-2.5,200,655.89111
-2.8,200,656.35851
-2.9,200,656.84479
-2.4,200,657.34074
-2.3,200,657.892876
-2.9,200,658.443173
-2.9,200,658.958546
-2.8,200,659.461769
