#{"t_start": 1763398254.8239493, "env_id": "None"}
r,l,t
766.0,50,0.043651
-32.0,50,0.076597
370.0,50,0.110087
166.0,50,0.142771
-1135.0,50,0.177272
-826.0,50,0.210124
-1638.0,50,0.244038
-828.0,50,0.277306
562.0,50,0.311082
368.0,50,0.344638
-541.0,50,0.381111
1063.0,50,0.426883
461.0,50,0.465576
-1129.0,50,0.498984
-440.0,50,0.530957
673.0,50,0.563797
172.0,50,0.596346
164.0,50,0.628847
366.0,50,0.661487
176.0,50,0.693558
174.0,50,0.727719
675.0,50,0.76022
1475.0,50,0.792795
962.0,50,0.825835
168.0,50,0.858101
69.0,50,0.892256
-230.0,50,0.924828
-32.0,50,0.957268
-230.0,50,0.989752
370.0,50,1.023935
-428.0,50,1.058508
461.0,50,1.091622
1170.0,50,1.12446
267.0,50,1.15622
469.0,50,1.187864
164.0,50,1.219231
-333.0,50,1.251047
-533.0,50,1.282688
-1337.0,50,1.315622
-1133.0,50,1.347615
-131.0,50,1.38087
267.0,50,1.412718
-440.0,50,1.444445
-1636.0,50,1.475967
370.0,50,1.50761
158.0,50,1.539065
1176.0,50,1.570578
667.0,50,1.60222
962.0,50,1.633786
459.0,50,1.665348
568.0,50,1.696753
-527.0,50,1.728086
263.0,50,1.759647
-331.0,50,1.790973
-1438.0,50,1.822281
-1630.0,50,1.854562
766.0,50,1.88744
-1335.0,50,1.920776
-937.0,50,1.952405
168.0,50,1.984034
-236.0,50,2.015511
665.0,50,2.047144
659.0,50,2.079754
-32.0,50,2.113331
768.0,50,2.147036
774.0,50,2.180057
-432.0,50,2.211749
465.0,50,2.242396
-240.0,50,2.273114
1372.0,50,2.303587
770.0,50,2.333508
366.0,50,2.36356
859.0,50,2.395101
461.0,50,2.425125
-436.0,50,2.455201
-127.0,50,2.486863
370.0,50,2.520142
-133.0,50,2.5523
760.0,50,2.583755
67.0,50,2.615534
-337.0,50,2.647218
-1028.0,50,2.678351
568.0,50,2.71004
1370.0,50,2.741535
669.0,50,2.773141
2372.0,50,2.804565
-739.0,50,2.836054
770.0,50,2.868048
263.0,50,2.901707
271.0,50,2.933348
667.0,50,2.96499
974.0,50,2.996361
952.0,50,3.02782
1166.0,50,3.05941
269.0,50,3.090562
-1640.0,50,3.1243
-630.0,50,3.156051
360.0,50,3.188056
1473.0,50,3.220953
1768.0,50,3.253996
-1119.0,50,3.288236
-533.0,50,3.321567
-634.0,50,3.354202
1168.0,50,3.390352
1059.0,50,3.424048
-1042.0,50,3.457154
-337.0,50,3.490114
-147.0,50,3.522977
667.0,50,3.55609
875.0,50,3.58913
-632.0,50,3.622682
1164.0,50,3.655582
-30.0,50,3.68858
-830.0,50,3.723855
-430.0,50,3.757169
1962.0,50,3.790207
-34.0,50,3.823071
366.0,50,3.856156
-133.0,50,3.891673
1360.0,50,3.923711
-933.0,50,3.954801
-135.0,50,3.98606
-638.0,50,4.017214
-438.0,50,4.048445
-238.0,50,4.079876
-2226.0,50,4.110963
-525.0,50,4.142959
-127.0,50,4.174063
-135.0,50,4.20544
665.0,50,4.236751
-34.0,50,4.267965
-1935.0,50,4.300207
-232.0,50,4.333169
-2333.0,50,4.36466
473.0,50,4.398838
-1341.0,50,4.430499
-335.0,50,4.462183
-1438.0,50,4.493647
1164.0,50,4.525021
-333.0,50,4.55632
1160.0,50,4.588065
-729.0,50,4.619538
465.0,50,4.651325
-1824.0,50,4.683036
972.0,50,4.715853
469.0,50,4.748774
1166.0,50,4.781315
-1335.0,50,4.814059
-725.0,50,4.847423
-240.0,50,4.88185
871.0,50,4.917811
764.0,50,4.950903
558.0,50,4.984247
267.0,50,5.017229
-1527.0,50,5.050424
75.0,50,5.082978
-1325.0,50,5.115888
762.0,50,5.148866
-329.0,50,5.183239
-2634.0,50,5.216205
-234.0,50,5.24936
467.0,50,5.282176
-834.0,50,5.315229
-533.0,50,5.348155
1160.0,50,5.384429
1065.0,50,5.41779
-1735.0,50,5.450841
-2036.0,50,5.483762
-1238.0,50,5.51911
972.0,50,5.552252
1463.0,50,5.585535
-1335.0,50,5.618401
166.0,50,5.651246
-242.0,50,5.68501
75.0,50,5.717896
457.0,50,5.750682
-1127.0,50,5.784047
-36.0,50,5.816969
-234.0,50,5.849763
366.0,50,5.885456
-1139.0,50,5.919015
-135.0,50,5.951975
-537.0,50,5.984963
562.0,50,6.018878
255.0,50,6.052999
-1234.0,50,6.086398
61.0,50,6.121247
-135.0,50,6.154217
-1630.0,50,6.18794
465.0,50,6.22059
-127.0,50,6.253468
-434.0,50,6.286414
-834.0,50,6.319371
61.0,50,6.351888
-1430.0,50,6.387394
275.0,50,6.420557
1671.0,50,6.453479
168.0,50,6.486136
-1333.0,50,6.518988
-935.0,50,6.551764
-1230.0,50,6.585496
863.0,50,6.618177
-333.0,50,6.650862
-143.0,50,6.683522
760.0,50,6.71824
463.0,50,6.751107
869.0,50,6.783878
-1630.0,50,6.816639
-36.0,50,6.849386
1372.0,50,6.884097
-545.0,50,6.917261
67.0,50,6.950285
-234.0,50,6.983
-137.0,50,7.01575
362.0,50,7.048686
659.0,50,7.082162
265.0,50,7.114212
170.0,50,7.145168
368.0,50,7.176275
-40.0,50,7.2073
-838.0,50,7.239249
59.0,50,7.270858
471.0,50,7.303334
166.0,50,7.335494
960.0,50,7.366802
368.0,50,7.400467
166.0,50,7.432219
675.0,50,7.463897
-38.0,50,7.495623
-1139.0,50,7.527072
1764.0,50,7.558335
564.0,50,7.58965
-636.0,50,7.62114
-945.0,50,7.652253
-529.0,50,7.683758
-735.0,50,7.714967
665.0,50,7.746823
-935.0,50,7.777953
-836.0,50,7.809279
-1434.0,50,7.840755
-836.0,50,7.873991
1162.0,50,7.907192
-135.0,50,7.938931
568.0,50,7.970284
-929.0,50,8.00191
263.0,50,8.033585
269.0,50,8.065431
-238.0,50,8.096773
-234.0,50,8.128026
-428.0,50,8.159295
-36.0,50,8.190631
-234.0,50,8.221865
1069.0,50,8.253806
-1032.0,50,8.285365
-1030.0,50,8.316858
1063.0,50,8.348206
166.0,50,8.381288
-1535.0,50,8.412956
-331.0,50,8.444511
-535.0,50,8.475974
-329.0,50,8.509134
164.0,50,8.54059
861.0,50,8.571935
665.0,50,8.603307
-531.0,50,8.634655
-531.0,50,8.666231
263.0,50,8.697679
760.0,50,8.728934
-26.0,50,8.760765
-438.0,50,8.792252
566.0,50,8.823836
376.0,50,8.85536
-440.0,50,8.888601
-1446.0,50,8.920357
-38.0,50,8.951867
867.0,50,8.983187
863.0,50,9.015092
560.0,50,9.046536
75.0,50,9.078111
560.0,50,9.110823
-438.0,50,9.142844
1471.0,50,9.174269
667.0,50,9.205699
1865.0,50,9.236989
-737.0,50,9.26876
63.0,50,9.30018
-444.0,50,9.331371
-335.0,50,9.362718
869.0,50,9.395732
263.0,50,9.427475
-1143.0,50,9.459141
-131.0,50,9.490399
-735.0,50,9.522165
459.0,50,9.553498
-230.0,50,9.584932
-636.0,50,9.616273
-937.0,50,9.647834
-127.0,50,9.679004
-2034.0,50,9.711477
1568.0,50,9.743248
-137.0,50,9.775818
1176.0,50,9.807152
-2537.0,50,9.838661
65.0,50,9.870341
671.0,50,9.903634
-1929.0,50,9.935268
1976.0,50,9.966558
-836.0,50,9.997929
259.0,50,10.02941
-436.0,50,10.060847
-38.0,50,10.092085
968.0,50,10.123382
-2028.0,50,10.154845
1259.0,50,10.186307
-1137.0,50,10.217498
-236.0,50,10.24892
-1434.0,50,10.280476
370.0,50,10.313323
1160.0,50,10.344998
-341.0,50,10.377363
-937.0,50,10.409791
-735.0,50,10.441993
69.0,50,10.473408
-1129.0,50,10.504415
-1323.0,50,10.535962
873.0,50,10.567391
-335.0,50,10.598634
1267.0,50,10.629881
-628.0,50,10.661577
1069.0,50,10.692919
467.0,50,10.724338
469.0,50,10.755584
-432.0,50,10.78724
-1339.0,50,10.818433
-1832.0,50,10.84964
572.0,50,10.882953
-36.0,50,10.916122
562.0,50,10.947738
69.0,50,10.979533
364.0,50,11.013692
-339.0,50,11.048275
75.0,50,11.081398
265.0,50,11.112851
-131.0,50,11.144109
669.0,50,11.175649
-329.0,50,11.207098
465.0,50,11.238379
-634.0,50,11.270177
360.0,50,11.302249
469.0,50,11.333482
659.0,50,11.364756
269.0,50,11.397839
-927.0,50,11.4326
564.0,50,11.466718
964.0,50,11.500812
473.0,50,11.533452
-1143.0,50,11.565513
-430.0,50,11.596813
-1236.0,50,11.628212
174.0,50,11.659755
-133.0,50,11.691384
-236.0,50,11.722687
-234.0,50,11.753956
61.0,50,11.78544
-228.0,50,11.817125
665.0,50,11.84817
160.0,50,11.881349
-222.0,50,11.913308
-539.0,50,11.944628
-30.0,50,11.975988
-232.0,50,12.007319
-432.0,50,12.038645
269.0,50,12.071352
776.0,50,12.103449
158.0,50,12.136005
158.0,50,12.167504
-34.0,50,12.198943
-26.0,50,12.230107
-642.0,50,12.261473
-1040.0,50,12.292939
465.0,50,12.324654
1275.0,50,12.35599
-224.0,50,12.38924
1267.0,50,12.420534
762.0,50,12.451971
473.0,50,12.483924
-838.0,50,12.516098
865.0,50,12.54735
65.0,50,12.578985
265.0,50,12.610101
-232.0,50,12.641385
865.0,50,12.672721
-131.0,50,12.705683
-434.0,50,12.737363
956.0,50,12.768968
-1238.0,50,12.800325
471.0,50,12.831971
-1139.0,50,12.86357
-430.0,50,12.89709
459.0,50,12.928371
-58.0,50,13.044516
-1056.0,50,13.161747
738.0,50,13.287268
-448.0,50,13.406284
-351.0,50,13.536391
-42.0,50,13.653376
1138.0,50,13.77783
-145.0,50,13.894053
-547.0,50,14.010967
-1143.0,50,14.124927
2063.0,50,14.237148
469.0,50,14.352032
63.0,50,14.464157
1067.0,50,14.580652
568.0,50,14.699352
1568.0,50,14.811646
2168.0,50,14.940961
-832.0,50,15.052498
-1034.0,50,15.171802
1259.0,50,15.29121
267.0,50,15.411358
461.0,50,15.527251
661.0,50,15.650367
-40.0,50,15.769366
1172.0,50,15.896877
1463.0,50,16.013969
1863.0,50,16.146044
1465.0,50,16.26901
1370.0,50,16.393635
463.0,50,16.508345
974.0,50,16.629853
168.0,50,16.74628
372.0,50,16.876669
362.0,50,16.997561
766.0,50,17.11889
366.0,50,17.238754
263.0,50,17.358971
1065.0,50,17.476646
-834.0,50,17.597137
1766.0,50,17.719064
564.0,50,17.847329
667.0,50,17.974597
1669.0,50,18.104228
63.0,50,18.218057
1667.0,50,18.344075
364.0,50,18.4605
465.0,50,18.587959
-436.0,50,18.706937
1760.0,50,18.824869
1564.0,50,18.940592
871.0,50,19.063651
67.0,50,19.178977
1065.0,50,19.302365
-327.0,50,19.420379
471.0,50,19.545416
1063.0,50,19.662019
166.0,50,19.781609
1663.0,50,19.893198
2063.0,50,20.017567
659.0,50,20.133036
956.0,50,20.253653
1061.0,50,20.368942
-1137.0,50,20.498222
1962.0,50,20.624743
671.0,50,20.742511
-636.0,50,20.85811
65.0,50,20.989311
368.0,50,21.111139
-141.0,50,21.238269
265.0,50,21.358905
566.0,50,21.48888
1273.0,50,21.610183
-432.0,50,21.732362
762.0,50,21.849886
1770.0,50,21.978642
63.0,50,22.09385
2164.0,50,22.225374
962.0,50,22.350382
960.0,50,22.478114
-333.0,50,22.599983
2861.0,50,22.730696
366.0,50,22.85289
1467.0,50,22.983098
-731.0,50,23.097456
463.0,50,23.221069
865.0,50,23.340643
2465.0,50,23.465764
-26.0,50,23.585639
1962.0,50,23.71574
-636.0,50,23.833059
-135.0,50,23.96281
758.0,50,24.082529
570.0,50,24.205906
368.0,50,24.329681
263.0,50,24.457308
764.0,50,24.5855
265.0,50,24.716377
2164.0,50,24.842739
1063.0,50,24.969289
1368.0,50,25.091087
1170.0,50,25.217957
67.0,50,25.336881
1764.0,50,25.458537
867.0,50,25.58681
2067.0,50,25.71335
273.0,50,25.82999
-133.0,50,25.950721
1063.0,50,26.073192
467.0,50,26.205449
166.0,50,26.331958
1966.0,50,26.456331
463.0,50,26.576411
-1230.0,50,26.703701
2069.0,50,26.821914
-337.0,50,26.953571
-933.0,50,27.080429
1463.0,50,27.211737
1469.0,50,27.341789
-26.0,50,27.464864
2170.0,50,27.589529
1762.0,50,27.7115
467.0,50,27.82548
964.0,50,27.95099
-729.0,50,28.064191
1465.0,50,28.183897
59.0,50,28.299294
1867.0,50,28.42402
764.0,50,28.539436
364.0,50,28.658113
671.0,50,28.773982
1966.0,50,28.899302
665.0,50,29.022077
667.0,50,29.149767
970.0,50,29.27701
1671.0,50,29.405172
2170.0,50,29.527236
1362.0,50,29.657198
1564.0,50,29.782731
172.0,50,29.906988
1061.0,50,30.02999
1370.0,50,30.162009
772.0,50,30.287589
1273.0,50,30.415623
1968.0,50,30.544342
275.0,50,30.675787
465.0,50,30.799225
863.0,50,30.931862
-32.0,50,31.051606
-329.0,50,31.173839
1067.0,50,31.293262
1358.0,50,31.421624
768.0,50,31.542781
968.0,50,31.672
766.0,50,31.792345
1568.0,50,31.92447
71.0,50,32.050101
766.0,50,32.182675
261.0,50,32.302976
366.0,50,32.429941
-634.0,50,32.546242
1861.0,50,32.678451
1067.0,50,32.797046
671.0,50,32.930638
770.0,50,33.051625
1667.0,50,33.182236
-531.0,50,33.30297
362.0,50,33.433624
263.0,50,33.56024
2370.0,50,33.69554
1970.0,50,33.824565
960.0,50,33.956225
1968.0,50,34.079776
1665.0,50,34.20822
2463.0,50,34.341084
1261.0,50,34.475063
1861.0,50,34.606715
1465.0,50,34.738175
1568.0,50,34.856646
2564.0,50,34.991025
1168.0,50,35.117937
762.0,50,35.25397
1871.0,50,35.380508
766.0,50,35.506649
1061.0,50,35.629718
1667.0,50,35.766654
-1335.0,50,35.888057
760.0,50,36.019956
63.0,50,36.139311
1964.0,50,36.271706
1469.0,50,36.394014
2061.0,50,36.522295
768.0,50,36.641154
368.0,50,36.774706
364.0,50,36.910564
1766.0,50,37.064375
2469.0,50,37.186282
970.0,50,37.318322
-236.0,50,37.441193
1669.0,50,37.567694
1267.0,50,37.68432
962.0,50,37.807574
962.0,50,37.941258
-137.0,50,38.071306
166.0,50,38.19551
875.0,50,38.32494
1065.0,50,38.445237
1762.0,50,38.57428
2061.0,50,38.701738
-737.0,50,38.842786
768.0,50,38.97104
-634.0,50,39.099682
871.0,50,39.228984
960.0,50,39.366939
-141.0,50,39.497923
1962.0,50,39.628529
562.0,50,39.759659
1564.0,50,39.899977
166.0,50,40.01739
766.0,50,40.149941
968.0,50,40.281489
1566.0,50,40.416097
562.0,50,40.552242
762.0,50,40.690355
1374.0,50,40.818466
764.0,50,40.964775
570.0,50,41.106424
1164.0,50,41.239862
1766.0,50,41.370496
368.0,50,41.506874
566.0,50,41.633485
867.0,50,41.765343
465.0,50,41.8955
1461.0,50,42.02956
-632.0,50,42.146131
2269.0,50,42.279563
1770.0,50,42.407195
2164.0,50,42.535144
-432.0,50,42.658407
768.0,50,42.795786
1768.0,50,42.923672
2160.0,50,43.05677
1364.0,50,43.185072
1663.0,50,43.31707
1168.0,50,43.446322
2865.0,50,43.614614
865.0,50,43.780219
1366.0,50,43.944314
566.0,50,44.081343
968.0,50,44.238502
2166.0,50,44.37418
2368.0,50,44.503592
1471.0,50,44.632732
1861.0,50,44.779708
168.0,50,44.915189
570.0,50,45.062264
1166.0,50,45.196601
1358.0,50,45.33024
2265.0,50,45.465001
1764.0,50,45.601636
558.0,50,45.73436
1564.0,50,45.876878
1659.0,50,46.011027
564.0,50,46.148522
1566.0,50,46.283858
964.0,50,46.431076
861.0,50,46.55577
1168.0,50,46.690405
2065.0,50,46.823431
2061.0,50,46.963028
570.0,50,47.093171
-230.0,50,47.221327
2865.0,50,47.345939
1968.0,50,47.484814
667.0,50,47.616436
774.0,50,47.756634
2067.0,50,47.896438
1663.0,50,48.035924
366.0,50,48.169351
-727.0,50,48.308341
1467.0,50,48.441803
966.0,50,48.581217
-38.0,50,48.710078
463.0,50,48.841324
1467.0,50,48.986777
1865.0,50,49.127688
863.0,50,49.257466
867.0,50,49.401965
1265.0,50,49.540003
73.0,50,49.666136
65.0,50,49.791393
1269.0,50,49.925518
1370.0,50,50.054105
1263.0,50,50.197104
1465.0,50,50.33134
1964.0,50,50.473341
1566.0,50,50.606616
2168.0,50,50.740127
63.0,50,50.868083
958.0,50,50.999009
1964.0,50,51.126275
-634.0,50,51.260448
1762.0,50,51.383524
469.0,50,51.513884
1168.0,50,51.642893
2966.0,50,51.776776
67.0,50,51.902627
1966.0,50,52.033824
170.0,50,52.168065
2762.0,50,52.300005
1871.0,50,52.429336
1061.0,50,52.568352
663.0,50,52.697177
166.0,50,52.834746
1265.0,50,52.965875
2063.0,50,53.094365
1669.0,50,53.214231
265.0,50,53.344857
1667.0,50,53.474195
2271.0,50,53.620571
69.0,50,53.76683
2263.0,50,53.929822
267.0,50,54.093114
2362.0,50,54.238152
1366.0,50,54.378051
1465.0,50,54.519761
1164.0,50,54.65169
867.0,50,54.783843
1671.0,50,54.920765
1863.0,50,55.056082
1166.0,50,55.175678
1168.0,50,55.318109
766.0,50,55.443695
2667.0,50,55.578582
1368.0,50,55.703241
3265.0,50,55.836088
665.0,50,55.963413
570.0,50,56.098068
2067.0,50,56.221503
1065.0,50,56.354784
1069.0,50,56.487001
766.0,50,56.621831
1760.0,50,56.745859
2263.0,50,56.883131
1267.0,50,57.014717
566.0,50,57.142555
2267.0,50,57.276048
667.0,50,57.410626
-333.0,50,57.535075
1166.0,50,57.679097
1566.0,50,57.810316
766.0,50,57.946241
1570.0,50,58.071268
1659.0,50,58.207485
1566.0,50,58.340675
1564.0,50,58.473975
1471.0,50,58.598422
2069.0,50,58.741766
2065.0,50,58.872218
2164.0,50,59.010166
1263.0,50,59.137075
-339.0,50,59.270948
1764.0,50,59.403638
1669.0,50,59.543029
1063.0,50,59.667992
663.0,50,59.800172
2471.0,50,59.927502
1370.0,50,60.063416
1568.0,50,60.203802
2160.0,50,60.337313
1259.0,50,60.46805
1164.0,50,60.594404
764.0,50,60.722636
461.0,50,60.853556
2364.0,50,60.985318
2265.0,50,61.120325
461.0,50,61.250694
1063.0,50,61.389836
770.0,50,61.521194
1865.0,50,61.658045
1168.0,50,61.796642
964.0,50,61.948359
867.0,50,62.084651
1067.0,50,62.229731
1760.0,50,62.373025
2669.0,50,62.517158
1572.0,50,62.652839
960.0,50,62.797148
2069.0,50,62.936146
1073.0,50,63.078067
2364.0,50,63.218462
1663.0,50,63.368233
-135.0,50,63.496969
1671.0,50,63.639735
869.0,50,63.773293
2065.0,50,63.912423
1469.0,50,64.042644
63.0,50,64.180166
1263.0,50,64.31873
65.0,50,64.463638
71.0,50,64.598631
667.0,50,64.747706
1657.0,50,64.875361
863.0,50,65.014848
867.0,50,65.140935
1362.0,50,65.279014
461.0,50,65.40559
1269.0,50,65.543366
366.0,50,65.671426
1663.0,50,65.805226
966.0,50,65.936224
1966.0,50,66.077292
-28.0,50,66.214213
1267.0,50,66.356181
1469.0,50,66.484621
1869.0,50,66.630383
1962.0,50,66.760778
1368.0,50,66.90205
1661.0,50,67.029872
2170.0,50,67.16413
-133.0,50,67.297736
265.0,50,67.429259
1968.0,50,67.562218
766.0,50,67.701266
-38.0,50,67.826883
1063.0,50,67.97006
-432.0,50,68.096467
3063.0,50,68.234195
968.0,50,68.368772
568.0,50,68.503736
2265.0,50,68.631344
1861.0,50,68.764307
1966.0,50,68.894154
1465.0,50,69.032023
1469.0,50,69.158419
962.0,50,69.292325
1966.0,50,69.426575
1360.0,50,69.56221
1465.0,50,69.692749
1572.0,50,69.832276
-30.0,50,69.963901
1467.0,50,70.10193
1669.0,50,70.232938
669.0,50,70.365698
1368.0,50,70.494007
1966.0,50,70.632668
1966.0,50,70.768
2366.0,50,70.915336
2269.0,50,71.050172
564.0,50,71.198523
2067.0,50,71.338473
964.0,50,71.482204
2269.0,50,71.616319
1358.0,50,71.764784
863.0,50,71.902123
661.0,50,72.044498
463.0,50,72.178473
2166.0,50,72.315129
469.0,50,72.447279
2271.0,50,72.588597
566.0,50,72.72132
667.0,50,72.8672
469.0,50,73.001834
2063.0,50,73.139926
865.0,50,73.282322
1164.0,50,73.426666
2760.0,50,73.558663
-533.0,50,73.693903
1766.0,50,73.83324
2566.0,50,73.972415
1065.0,50,74.107103
267.0,50,74.240427
1762.0,50,74.373528
2067.0,50,74.512244
1168.0,50,74.648273
867.0,50,74.792373
1667.0,50,74.932614
2168.0,50,75.079809
1667.0,50,75.222704
2162.0,50,75.36563
2162.0,50,75.509843
2471.0,50,75.656567
2667.0,50,75.797622
867.0,50,75.93995
1166.0,50,76.08045
968.0,50,76.226466
1968.0,50,76.392102
1265.0,50,76.539243
463.0,50,76.67774
1170.0,50,76.833217
2063.0,50,76.973169
2261.0,50,77.120112
867.0,50,77.260947
1966.0,50,77.40606
2364.0,50,77.551007
2267.0,50,77.701344
1067.0,50,77.844302
1665.0,50,77.995932
568.0,50,78.12482
871.0,50,78.257399
867.0,50,78.389616
2267.0,50,78.53291
1762.0,50,78.663654
2069.0,50,78.801985
663.0,50,78.929464
1568.0,50,79.061627
1467.0,50,79.184321
2467.0,50,79.317639
1764.0,50,79.46052
2463.0,50,79.614802
1162.0,50,79.757844
2166.0,50,79.905644
667.0,50,80.051183
661.0,50,80.194557
867.0,50,80.33906
1465.0,50,80.492636
3069.0,50,80.635248
2265.0,50,80.776531
2364.0,50,80.922095
1568.0,50,81.06721
2267.0,50,81.213718
1566.0,50,81.357085
1164.0,50,81.500951
1364.0,50,81.641931
1370.0,50,81.780816
1267.0,50,81.929794
1564.0,50,82.077265
1966.0,50,82.22619
2166.0,50,82.369453
2568.0,50,82.51677
2966.0,50,82.657022
1063.0,50,82.792754
2269.0,50,82.921243
2168.0,50,83.059892
1867.0,50,83.197828
2562.0,50,83.334632
2360.0,50,83.470814
1865.0,50,83.613897
2164.0,50,83.748868
770.0,50,83.891457
2063.0,50,84.035147
1067.0,50,84.180757
2568.0,50,84.319002
1770.0,50,84.469715
2370.0,50,84.611385
2667.0,50,84.757565
1366.0,50,84.897509
2265.0,50,85.045283
2265.0,50,85.189478
368.0,50,85.337138
1667.0,50,85.484186
2467.0,50,85.634706
3063.0,50,85.781135
1271.0,50,85.930201
1772.0,50,86.070312
-38.0,50,86.218465
2568.0,50,86.363329
1364.0,50,86.506663
1966.0,50,86.649988
863.0,50,86.801615
2564.0,50,86.942507
1766.0,50,87.092905
1469.0,50,87.230673
2166.0,50,87.37397
1570.0,50,87.505586
1069.0,50,87.649321
2366.0,50,87.785084
1166.0,50,87.927733
1568.0,50,88.057291
2263.0,50,88.194708
1065.0,50,88.3332
1465.0,50,88.475614
61.0,50,88.617185
956.0,50,88.77263
1659.0,50,88.921174
356.0,50,89.063127
358.0,50,89.206252
-46.0,50,89.35492
356.0,50,89.499931
1457.0,50,89.655687
-341.0,50,89.803108
1362.0,50,89.951948
558.0,50,90.097174
1859.0,50,90.249149
556.0,50,90.391727
255.0,50,90.547203
457.0,50,90.695962
-341.0,50,90.848218
1457.0,50,90.997479
162.0,50,91.149117
956.0,50,91.297685
-1240.0,50,91.450631
1055.0,50,91.596777
-541.0,50,91.743646
55.0,50,91.893957
-244.0,50,92.036889
-141.0,50,92.169518
960.0,50,92.311885
556.0,50,92.449409
1560.0,50,92.59319
1558.0,50,92.7309
1659.0,50,92.868945
1657.0,50,93.007645
1051.0,50,93.151566
1556.0,50,93.297313
152.0,50,93.446966
758.0,50,93.594479
1760.0,50,93.746643
1158.0,50,93.893421
1053.0,50,94.043179
1156.0,50,94.186089
1061.0,50,94.338832
-244.0,50,94.475107
154.0,50,94.624135
756.0,50,94.766881
653.0,50,94.917634
53.0,50,95.062356
1156.0,50,95.205676
-646.0,50,95.349536
-349.0,50,95.499679
453.0,50,95.64682
251.0,50,95.800302
754.0,50,95.946876
1855.0,50,96.089655
1152.0,50,96.235016
651.0,50,96.389421
653.0,50,96.5342
554.0,50,96.684195
1453.0,50,96.821076
352.0,50,96.964081
-143.0,50,97.094926
354.0,50,97.232474
-747.0,50,97.370869
-349.0,50,97.516441
-50.0,50,97.64904
1051.0,50,97.788902
-44.0,50,97.929931
-949.0,50,98.074633
-547.0,50,98.215908
453.0,50,98.364276
950.0,50,98.501797
-1345.0,50,98.650316
-248.0,50,98.793602
150.0,50,98.942925
-248.0,50,99.08532
150.0,50,99.236796
651.0,50,99.372822
154.0,50,99.522173
-147.0,50,99.66074
550.0,50,99.807785
1049.0,50,99.950781
-147.0,50,100.097885
152.0,50,100.236754
752.0,50,100.386078
-650.0,50,100.523722
455.0,50,100.67577
-50.0,50,100.825015
-646.0,50,101.002244
-246.0,50,101.162167
954.0,50,101.305905
251.0,50,101.443802
756.0,50,101.586684
950.0,50,101.73025
253.0,50,101.87639
350.0,50,102.016338
-444.0,50,102.158675
-147.0,50,102.296607
-250.0,50,102.449097
2451.0,50,102.595067
1255.0,50,102.745222
1552.0,50,102.892639
-749.0,50,103.047891
1352.0,50,103.205945
451.0,50,103.366098
954.0,50,103.510341
1352.0,50,103.66904
552.0,50,103.816897
53.0,50,103.971894
2251.0,50,104.120845
556.0,50,104.268869
-751.0,50,104.41982
-1448.0,50,104.574649
-250.0,50,104.724455
-1248.0,50,104.882685
352.0,50,105.026646
1851.0,50,105.181216
150.0,50,105.332563
-949.0,50,105.486167
251.0,50,105.62957
-648.0,50,105.781125
-147.0,50,105.921289
154.0,50,106.070008
152.0,50,106.209389
-1452.0,50,106.354517
451.0,50,106.494731
-349.0,50,106.642863
-549.0,50,106.789662
-149.0,50,106.942042
-547.0,50,107.088953
-1149.0,50,107.238729
-1349.0,50,107.388437
53.0,50,107.541938
552.0,50,107.692821
-547.0,50,107.846225
453.0,50,107.990223
352.0,50,108.145014
1554.0,50,108.290351
-246.0,50,108.443837
-50.0,50,108.594222
-1050.0,50,108.753482
948.0,50,108.898585
-48.0,50,109.049761
-1248.0,50,109.191064
-448.0,50,109.33619
651.0,50,109.480794
-149.0,50,109.628389
-1248.0,50,109.771813
451.0,50,109.914962
-850.0,50,110.055346
752.0,50,110.19939
152.0,50,110.337245
-349.0,50,110.476828
552.0,50,110.613823
352.0,50,110.754239
-949.0,50,110.891021
-450.0,50,111.037637
-250.0,50,111.180429
51.0,50,111.330753
-648.0,50,111.473667
-1448.0,50,111.626927
-1147.0,50,111.766618
51.0,50,111.919069
-48.0,50,112.061268
1150.0,50,112.212958
-50.0,50,112.358929
-50.0,50,112.5106
952.0,50,112.653191
352.0,50,112.803185
1550.0,50,112.94873
350.0,50,113.101581
-650.0,50,113.242852
-252.0,50,113.388308
51.0,50,113.534959
-149.0,50,113.680452
-749.0,50,113.819188
-48.0,50,113.964614
752.0,50,114.102623
-50.0,50,114.241598
251.0,50,114.377628
950.0,50,114.51932
-648.0,50,114.651405
750.0,50,114.798695
152.0,50,114.938323
-850.0,50,115.085147
253.0,50,115.223227
148.0,50,115.367213
-549.0,50,115.512523
851.0,50,115.658829
-250.0,50,115.805559
-349.0,50,115.950266
51.0,50,116.09447
750.0,50,116.24931
649.0,50,116.39134
1154.0,50,116.53748
352.0,50,116.682363
-250.0,50,116.838828
-349.0,50,116.982669
449.0,50,117.131472
350.0,50,117.276993
350.0,50,117.425031
350.0,50,117.572924
451.0,50,117.729514
-650.0,50,117.8774
150.0,50,118.030745
449.0,50,118.182003
51.0,50,118.339652
651.0,50,118.491585
51.0,50,118.645076
-850.0,50,118.788323
352.0,50,118.938346
550.0,50,119.086199
-1048.0,50,119.235536
-850.0,50,119.384226
-250.0,50,119.538347
-850.0,50,119.686974
-650.0,50,119.845629
150.0,50,119.998722
-650.0,50,120.155043
-450.0,50,120.306622
851.0,50,120.463655
-50.0,50,120.612083
750.0,50,120.769361
-50.0,50,120.916215
750.0,50,121.070885
-250.0,50,121.223039
750.0,50,121.376302
350.0,50,121.526821
550.0,50,121.68048
-1050.0,50,121.830654
150.0,50,121.987596
-50.0,50,122.141866
-250.0,50,122.298746
950.0,50,122.448446
-850.0,50,122.602171
-1450.0,50,122.75263
-50.0,50,122.911946
-50.0,50,123.058873
550.0,50,123.206435
-450.0,50,123.351921
750.0,50,123.505452
-850.0,50,123.646271
-650.0,50,123.791376
-50.0,50,123.934882
950.0,50,124.086562
-50.0,50,124.231327
950.0,50,124.391072
550.0,50,124.538854
-1050.0,50,124.696217
-450.0,50,124.845416
350.0,50,124.997095
51.0,50,125.143247
-450.0,50,125.298801
-850.0,50,125.448358
750.0,50,125.601863
350.0,50,125.752328
251.0,50,125.904764
950.0,50,126.056921
-250.0,50,126.213415
-250.0,50,126.365068
-250.0,50,126.519806
-250.0,50,126.664981
-1450.0,50,126.81791
350.0,50,126.971313
950.0,50,127.128583
550.0,50,127.283585
750.0,50,127.440568
-650.0,50,127.584046
-450.0,50,127.731517
150.0,50,127.87781
-850.0,50,128.027774
1150.0,50,128.173274
-50.0,50,128.319007
-250.0,50,128.460797
150.0,50,128.608145
-250.0,50,128.754739
150.0,50,128.903991
451.0,50,129.051718
550.0,50,129.201765
1550.0,50,129.347438
350.0,50,129.496216
-450.0,50,129.641453
150.0,50,129.791508
950.0,50,129.935083
1350.0,50,130.085715
-450.0,50,130.23808
1150.0,50,130.390414
350.0,50,130.535105
350.0,50,130.685379
750.0,50,130.830256
750.0,50,130.983229
150.0,50,131.125626
-650.0,50,131.276631
-551.0,50,131.426139
-250.0,50,131.577758
550.0,50,131.723253
-50.0,50,131.871912
150.0,50,132.013247
-1050.0,50,132.163924
950.0,50,132.309797
-250.0,50,132.456335
550.0,50,132.60366
150.0,50,132.751039
-50.0,50,132.893106
750.0,50,133.047055
150.0,50,133.200186
-450.0,50,133.353994
-50.0,50,133.506644
750.0,50,133.668718
1350.0,50,133.819696
750.0,50,133.979061
150.0,50,134.126521
950.0,50,134.27798
350.0,50,134.425185
-650.0,50,134.579919
-650.0,50,134.725996
1550.0,50,134.877131
-50.0,50,135.027093
1350.0,50,135.182609
-250.0,50,135.334377
550.0,50,135.493881
-650.0,50,135.647098
750.0,50,135.80091
150.0,50,135.950972
550.0,50,136.107496
550.0,50,136.253941
451.0,50,136.398719
550.0,50,136.540495
150.0,50,136.699883
-450.0,50,136.841558
-250.0,50,136.990696
-850.0,50,137.132452
350.0,50,137.284786
1451.0,50,137.42744
550.0,50,137.580145
150.0,50,137.729007
750.0,50,137.88111
150.0,50,138.028686
550.0,50,138.193451
950.0,50,138.340775
-250.0,50,138.493509
-250.0,50,138.641447
1950.0,50,138.79494
150.0,50,138.942303
-50.0,50,139.095573
-650.0,50,139.242611
-650.0,50,139.39403
-50.0,50,139.539764
150.0,50,139.692584
550.0,50,139.840891
-50.0,50,139.992587
750.0,50,140.135205
350.0,50,140.284155
-50.0,50,140.430916
150.0,50,140.582617
-850.0,50,140.730781
550.0,50,140.877623
-850.0,50,141.019383
150.0,50,141.166356
550.0,50,141.310315
-450.0,50,141.458631
-50.0,50,141.598957
350.0,50,141.745632
-250.0,50,141.887618
350.0,50,142.04071
550.0,50,142.186703
1150.0,50,142.337179
-850.0,50,142.484658
-250.0,50,142.636422
-850.0,50,142.783854
-50.0,50,142.936144
-250.0,50,143.08302
150.0,50,143.236349
150.0,50,143.383202
-650.0,50,143.535845
550.0,50,143.68551
550.0,50,143.83802
150.0,50,143.984671
-50.0,50,144.138162
-850.0,50,144.284976
350.0,50,144.436622
-650.0,50,144.584501
249.0,50,144.73636
150.0,50,144.883258
150.0,50,145.037836
-450.0,50,145.181272
-50.0,50,145.330115
350.0,50,145.474768
150.0,50,145.620405
1150.0,50,145.759528
150.0,50,145.907874
750.0,50,146.049891
1550.0,50,146.195734
-850.0,50,146.339858
150.0,50,146.493916
350.0,50,146.642281
1750.0,50,146.794889
1251.0,50,146.941986
150.0,50,147.098185
750.0,50,147.25012
750.0,50,147.406903
550.0,50,147.559582
950.0,50,147.71823
-250.0,50,147.873698
-250.0,50,148.054633
750.0,50,148.211476
-1050.0,50,148.369675
-450.0,50,148.519173
350.0,50,148.676623
350.0,50,148.82849
-50.0,50,148.985145
-50.0,50,149.140059
-450.0,50,149.298656
350.0,50,149.444484
-50.0,50,149.596702
750.0,50,149.744285
651.0,50,149.899097
1350.0,50,150.048629
-50.0,50,150.207539
-949.0,50,150.357443
350.0,50,150.513508
-450.0,50,150.66386
-450.0,50,150.82185
950.0,50,150.977301
950.0,50,151.135193
150.0,50,151.2887
150.0,50,151.447238
350.0,50,151.602147
-450.0,50,151.761678
-2050.0,50,151.915739
350.0,50,152.073712
-250.0,50,152.225466
950.0,50,152.383118
1150.0,50,152.534279
750.0,50,152.693069
950.0,50,152.844973
-1250.0,50,153.005108
-50.0,50,153.159457
-450.0,50,153.318726
-650.0,50,153.47272
150.0,50,153.631066
-50.0,50,153.783513
-850.0,50,153.947388
-250.0,50,154.100695
150.0,50,154.253479
-1349.0,50,154.39843
350.0,50,154.550066
-250.0,50,154.696192
1350.0,50,154.847268
750.0,50,154.992137
-650.0,50,155.143052
750.0,50,155.291573
350.0,50,155.448702
-50.0,50,155.601489
1550.0,50,155.757492
150.0,50,155.908683
1150.0,50,156.065858
350.0,50,156.219968
1150.0,50,156.377772
950.0,50,156.530597
-450.0,50,156.687905
-50.0,50,156.839458
-1050.0,50,156.998036
950.0,50,157.148077
-1250.0,50,157.305688
-250.0,50,157.455862
-450.0,50,157.612105
-650.0,50,157.763502
350.0,50,157.920524
150.0,50,158.07138
150.0,50,158.228309
550.0,50,158.380708
350.0,50,158.531716
-1650.0,50,158.677347
-250.0,50,158.829699
150.0,50,158.973651
-850.0,50,159.125665
51.0,50,159.267711
-650.0,50,159.418598
-650.0,50,159.56367
-250.0,50,159.718705
-650.0,50,159.871912
350.0,50,160.033999
651.0,50,160.186634
-50.0,50,160.34519
-450.0,50,160.494859
-50.0,50,160.653446
-50.0,50,160.805918
150.0,50,160.981254
750.0,50,161.156461
-50.0,50,161.310189
150.0,50,161.460746
350.0,50,161.612062
-850.0,50,161.75989
-250.0,50,161.914758
-450.0,50,162.062444
-450.0,50,162.21605
1150.0,50,162.363676
-1250.0,50,162.516705
950.0,50,162.669321
350.0,50,162.823946
550.0,50,162.972166
-50.0,50,163.123802
-250.0,50,163.264654
249.0,50,163.407912
750.0,50,163.546743
-50.0,50,163.689056
-1650.0,50,163.831973
1950.0,50,163.98256
-1450.0,50,164.125695
-450.0,50,164.273899
-850.0,50,164.420335
750.0,50,164.575414
1150.0,50,164.724244
-50.0,50,164.879416
-250.0,50,165.025939
-50.0,50,165.180757
750.0,50,165.331404
350.0,50,165.486276
-250.0,50,165.635742
-250.0,50,165.790971
-450.0,50,165.942271
350.0,50,166.097233
150.0,50,166.249937
-50.0,50,166.402789
-1250.0,50,166.547812
150.0,50,166.698884
-650.0,50,166.843495
950.0,50,166.994798
51.0,50,167.139391
-1050.0,50,167.285974
-650.0,50,167.430473
-650.0,50,167.582482
-250.0,50,167.727472
950.0,50,167.875614
-250.0,50,168.020976
-850.0,50,168.162651
1750.0,50,168.2997
-850.0,50,168.442296
150.0,50,168.58512
750.0,50,168.731496
-450.0,50,168.870049
-450.0,50,169.015618
-450.0,50,169.155058
750.0,50,169.303314
-50.0,50,169.449079
750.0,50,169.600666
550.0,50,169.759617
350.0,50,169.917533
-450.0,50,170.070924
-850.0,50,170.228389
-50.0,50,170.382513
-50.0,50,170.539966
950.0,50,170.695122
-1050.0,50,170.853292
150.0,50,171.007242
950.0,50,171.160235
-850.0,50,171.308864
550.0,50,171.463653
1550.0,50,171.615927
550.0,50,171.776382
-1450.0,50,171.93211
-450.0,50,172.094755
-250.0,50,172.246969
950.0,50,172.404684
550.0,50,172.578989
-1050.0,50,172.792823
-1250.0,50,172.983362
-850.0,50,173.178924
550.0,50,173.39206
950.0,50,173.571265
-50.0,50,173.719447
150.0,50,173.882419
1350.0,50,174.059204
150.0,50,174.237641
-850.0,50,174.398725
-650.0,50,174.559083
950.0,50,174.709577
-50.0,50,174.895625
-850.0,50,175.073439
-50.0,50,175.246778
-250.0,50,175.414393
-250.0,50,175.586177
550.0,50,175.741909
-250.0,50,175.901595
550.0,50,176.059902
1550.0,50,176.217087
1350.0,50,176.390618
350.0,50,176.565
-650.0,50,176.734327
350.0,50,176.898121
-850.0,50,177.060281
-450.0,50,177.220855
1051.0,50,177.384137
-250.0,50,177.550652
-850.0,50,177.699446
-149.0,50,177.853615
-50.0,50,178.010183
1750.0,50,178.192473
550.0,50,178.355603
1350.0,50,178.522977
150.0,50,178.673144
750.0,50,178.828443
750.0,50,178.994353
-1050.0,50,179.171644
550.0,50,179.346463
550.0,50,179.519837
-650.0,50,179.687829
350.0,50,179.853471
-50.0,50,180.008276
550.0,50,180.176737
750.0,50,180.334383
750.0,50,180.498949
150.0,50,180.664923
-250.0,50,180.828482
-50.0,50,180.99062
-1250.0,50,181.150529
-450.0,50,181.310306
150.0,50,181.470011
-850.0,50,181.629946
-650.0,50,181.790407
-450.0,50,181.942685
1150.0,50,182.100574
350.0,50,182.251307
350.0,50,182.408972
550.0,50,182.556399
150.0,50,182.710771
550.0,50,182.860987
150.0,50,183.015918
950.0,50,183.167113
750.0,50,183.354357
1150.0,50,183.502886
350.0,50,183.653077
-1650.0,50,183.802975
-450.0,50,183.956449
1150.0,50,184.103742
-50.0,50,184.260533
750.0,50,184.409062
550.0,50,184.570647
950.0,50,184.716421
550.0,50,184.875857
-50.0,50,185.02718
-650.0,50,185.187423
-1050.0,50,185.33861
350.0,50,185.496231
1350.0,50,185.651326
-250.0,50,185.831978
550.0,50,185.984526
150.0,50,186.148286
-650.0,50,186.306239
950.0,50,186.470027
-50.0,50,186.626415
-850.0,50,186.780892
150.0,50,186.937104
-1050.0,50,187.095987
-650.0,50,187.249836
-450.0,50,187.43475
750.0,50,187.613997
-1250.0,50,187.763534
350.0,50,187.909409
550.0,50,188.096788
150.0,50,188.254013
150.0,50,188.402444
-1050.0,50,188.549183
150.0,50,188.706259
350.0,50,188.855132
-50.0,50,189.006486
350.0,50,189.157108
1350.0,50,189.310931
950.0,50,189.463104
-850.0,50,189.622271
-50.0,50,189.775333
-1250.0,50,189.926729
950.0,50,190.083313
750.0,50,190.242721
-850.0,50,190.398105
150.0,50,190.561117
-650.0,50,190.710609
350.0,50,190.861158
150.0,50,191.010844
-450.0,50,191.167513
750.0,50,191.31501
-50.0,50,191.471234
1550.0,50,191.618044
550.0,50,191.774766
-850.0,50,191.920163
-50.0,50,192.067404
1750.0,50,192.207832
-50.0,50,192.355391
950.0,50,192.500137
150.0,50,192.646082
550.0,50,192.786098
1550.0,50,192.950923
-850.0,50,193.111246
-1850.0,50,193.279789
150.0,50,193.438936
-1250.0,50,193.597563
-250.0,50,193.755186
-250.0,50,193.949792
550.0,50,194.110477
750.0,50,194.260597
1150.0,50,194.43065
150.0,50,194.596368
550.0,50,194.746867
-250.0,50,194.93515
350.0,50,195.094384
350.0,50,195.24652
-250.0,50,195.409184
150.0,50,195.578377
150.0,50,195.729127
350.0,50,195.908971
-250.0,50,196.067884
550.0,50,196.240138
350.0,50,196.423211
-850.0,50,196.580194
-850.0,50,196.754205
950.0,50,196.936616
-50.0,50,197.080681
150.0,50,197.229175
-450.0,50,197.397307
-250.0,50,197.55287
350.0,50,197.692829
150.0,50,197.835222
150.0,50,197.972627
-50.0,50,198.119701
-250.0,50,198.263806
-250.0,50,198.421639
-450.0,50,198.570599
-650.0,50,198.744224
150.0,50,198.911696
350.0,50,199.067201
950.0,50,199.211586
1150.0,50,199.362123
-250.0,50,199.511168
-250.0,50,199.658325
350.0,50,199.807248
-650.0,50,199.958394
150.0,50,200.103611
-450.0,50,200.258055
-1450.0,50,200.408361
-250.0,50,200.570091
1150.0,50,200.722317
550.0,50,200.879985
350.0,50,201.02882
550.0,50,201.183605
1750.0,50,201.345577
-50.0,50,201.52989
-650.0,50,201.704758
-250.0,50,201.8678
350.0,50,202.035346
-1250.0,50,202.19028
-551.0,50,202.327832
-250.0,50,202.486309
750.0,50,202.641055
550.0,50,202.791202
150.0,50,202.967404
950.0,50,203.128493
-250.0,50,203.294225
-650.0,50,203.460223
150.0,50,203.624913
-850.0,50,203.789619
-250.0,50,203.955231
750.0,50,204.124933
350.0,50,204.270573
-250.0,50,204.44794
150.0,50,204.607418
150.0,50,204.760728
-151.0,50,204.923099
-1050.0,50,205.089683
150.0,50,205.241356
-650.0,50,205.400632
1150.0,50,205.558803
-250.0,50,205.732846
350.0,50,205.897259
350.0,50,206.066259
449.0,50,206.24223
-450.0,50,206.413398
49.0,50,206.56984
150.0,50,206.728579
-650.0,50,206.881044
950.0,50,207.037789
-450.0,50,207.186341
-650.0,50,207.338399
950.0,50,207.485645
-450.0,50,207.637278
150.0,50,207.783074
350.0,50,207.936378
550.0,50,208.081334
150.0,50,208.237747
550.0,50,208.387365
150.0,50,208.547899
-650.0,50,208.700636
350.0,50,208.861485
-650.0,50,209.014081
-50.0,50,209.173831
-850.0,50,209.332901
1150.0,50,209.49016
750.0,50,209.644018
-50.0,50,209.80276
-1250.0,50,209.954219
-450.0,50,210.117443
550.0,50,210.274659
-850.0,50,210.434301
-1450.0,50,210.586521
1550.0,50,210.748459
750.0,50,210.90029
950.0,50,211.061006
550.0,50,211.224318
-850.0,50,211.391212
-1250.0,50,211.542612
150.0,50,211.711516
-1450.0,50,211.868904
750.0,50,212.058375
-650.0,50,212.234797
750.0,50,212.415364
-650.0,50,212.583395
750.0,50,212.765587
-1050.0,50,212.912034
350.0,50,213.06342
750.0,50,213.223189
-450.0,50,213.380628
-850.0,50,213.52847
350.0,50,213.685457
-50.0,50,213.837814
-1050.0,50,214.03194
-50.0,50,214.180342
-1650.0,50,214.341701
-250.0,50,214.491836
950.0,50,214.642982
-450.0,50,214.796685
1350.0,50,214.953509
-50.0,50,215.105921
550.0,50,215.260118
950.0,50,215.409233
350.0,50,215.561669
-250.0,50,215.712418
-1450.0,50,215.867716
-50.0,50,216.020911
-250.0,50,216.201082
-50.0,50,216.376993
-250.0,50,216.547883
-450.0,50,216.713755
449.0,50,216.880492
350.0,50,217.027349
-238.0,50,217.177469
-537.0,50,217.322508
366.0,50,217.480673
1160.0,50,217.626258
-735.0,50,217.779401
665.0,50,217.932923
960.0,50,218.088961
362.0,50,218.233932
-38.0,50,218.384519
857.0,50,218.531123
1465.0,50,218.681327
-725.0,50,218.829366
-725.0,50,218.98663
1075.0,50,219.137316
-1325.0,50,219.299589
1275.0,50,219.462086
475.0,50,219.619201
-325.0,50,219.765282
-208.0,50,219.93474
200.0,50,220.0916
-400.0,50,220.256689
800.0,50,220.407486
-1000.0,50,220.565103
-400.0,50,220.744129
-200.0,50,220.918123
1800.0,50,221.116784
800.0,50,221.282809
400.0,50,221.426286
-1400.0,50,221.595836
-1200.0,50,221.751896
1000.0,50,221.917645
600.0,50,222.067013
1400.0,50,222.237988
600.0,50,222.388057
1000.0,50,222.554958
400.0,50,222.705372
-800.0,50,222.881271
600.0,50,223.034156
600.0,50,223.193609
-400.0,50,223.356035
-800.0,50,223.530922
-1600.0,50,223.703902
-1600.0,50,223.883747
-1800.0,50,224.052314
-400.0,50,224.218611
1000.0,50,224.372587
-1800.0,50,224.53138
1600.0,50,224.704128
200.0,50,224.860096
1200.0,50,225.012001
-1800.0,50,225.167801
-1200.0,50,225.324322
0.0,50,225.498666
600.0,50,225.658463
-1000.0,50,225.841963
-1800.0,50,226.012077
800.0,50,226.174182
-2200.0,50,226.319053
400.0,50,226.469946
-600.0,50,226.615132
-800.0,50,226.765864
-1000.0,50,226.912881
1400.0,50,227.077981
200.0,50,227.229859
0.0,50,227.38505
0.0,50,227.53977
-400.0,50,227.707234
800.0,50,227.858611
1600.0,50,228.016371
299.0,50,228.170807
0.0,50,228.32445
0.0,50,228.475506
-1000.0,50,228.632853
-1000.0,50,228.782233
-200.0,50,228.94186
800.0,50,229.091496
-2200.0,50,229.244889
-600.0,50,229.391592
800.0,50,229.547529
0.0,50,229.699708
-800.0,50,229.857714
1600.0,50,230.011954
800.0,50,230.167588
1000.0,50,230.318753
0.0,50,230.474268
200.0,50,230.62271
200.0,50,230.777082
-400.0,50,230.92207
-1600.0,50,231.075426
-200.0,50,231.218796
-2000.0,50,231.363783
0.0,50,231.508452
800.0,50,231.655855
1000.0,50,231.79613
-1000.0,50,231.943004
400.0,50,232.089067
398.0,50,232.244524
-200.0,50,232.389481
285.0,50,232.542193
-325.0,50,232.686924
-725.0,50,232.842979
275.0,50,232.990088
-525.0,50,233.142382
875.0,50,233.291618
675.0,50,233.443289
-28.0,50,233.589033
57.0,50,233.741488
859.0,50,233.887002
-743.0,50,234.041638
663.0,50,234.190538
59.0,50,234.342322
661.0,50,234.489946
61.0,50,234.645164
-640.0,50,234.792574
1259.0,50,234.943328
1158.0,50,235.089869
560.0,50,235.243378
-650.0,50,235.388893
150.0,50,235.534108
350.0,50,235.674647
-250.0,50,235.819045
-50.0,50,235.963342
-850.0,50,236.109936
-850.0,50,236.242703
-50.0,50,236.387878
-250.0,50,236.522925
550.0,50,236.673854
1150.0,50,236.818817
-450.0,50,236.973827
150.0,50,237.118795
-450.0,50,237.2721
950.0,50,237.418981
550.0,50,237.569786
150.0,50,237.719217
-450.0,50,237.873124
1150.0,50,238.018403
-650.0,50,238.173958
550.0,50,238.324265
-650.0,50,238.47763
550.0,50,238.627153
-250.0,50,238.783251
-650.0,50,238.928171
550.0,50,239.08406
-650.0,50,239.230676
750.0,50,239.384852
-650.0,50,239.533126
-1050.0,50,239.691988
-1050.0,50,239.838423
750.0,50,239.993883
950.0,50,240.139995
-650.0,50,240.292162
350.0,50,240.433578
-450.0,50,240.587914
750.0,50,240.734578
-450.0,50,240.878697
550.0,50,241.020671
750.0,50,241.16589
-50.0,50,241.300451
-50.0,50,241.454609
-450.0,50,241.601607
-850.0,50,241.756011
1950.0,50,241.902523
-450.0,50,242.052479
150.0,50,242.193986
-250.0,50,242.34359
150.0,50,242.491694
-450.0,50,242.637312
-850.0,50,242.779799
-50.0,50,242.932782
750.0,50,243.077575
-250.0,50,243.233469
350.0,50,243.380912
550.0,50,243.536158
-650.0,50,243.685513
-850.0,50,243.838196
-250.0,50,243.983614
-250.0,50,244.139103
-1050.0,50,244.292528
-450.0,50,244.452453
-50.0,50,244.602473
950.0,50,244.758728
750.0,50,244.901359
-250.0,50,245.05104
49.0,50,245.19354
-450.0,50,245.346473
-250.0,50,245.495848
750.0,50,245.648441
-850.0,50,245.793849
550.0,50,245.951765
-850.0,50,246.097292
-850.0,50,246.255132
750.0,50,246.411629
950.0,50,246.569907
150.0,50,246.723672
-850.0,50,246.882575
-650.0,50,247.029404
-650.0,50,247.184668
-650.0,50,247.33444
750.0,50,247.486441
-650.0,50,247.630093
-450.0,50,247.786637
-650.0,50,247.937237
-1050.0,50,248.088126
-250.0,50,248.236814
-450.0,50,248.387459
-450.0,50,248.530907
-250.0,50,248.679784
1350.0,50,248.824504
-2250.0,50,248.978107
-650.0,50,249.127696
550.0,50,249.283203
1350.0,50,249.432531
-250.0,50,249.584929
-50.0,50,249.731592
350.0,50,249.884601
-850.0,50,250.02995
-850.0,50,250.177666
1150.0,50,250.322723
-1850.0,50,250.468883
-850.0,50,250.608095
-50.0,50,250.754595
150.0,50,250.905197
550.0,50,251.060138
-450.0,50,251.211231
-650.0,50,251.367329
150.0,50,251.513122
851.0,50,251.669863
-250.0,50,251.817987
750.0,50,251.974807
150.0,50,252.124191
-50.0,50,252.277231
-450.0,50,252.424624
-650.0,50,252.579623
350.0,50,252.729749
1550.0,50,252.88631
-1850.0,50,253.040743
1150.0,50,253.198577
550.0,50,253.350366
-50.0,50,253.506141
-850.0,50,253.658296
-650.0,50,253.818813
950.0,50,253.975355
-50.0,50,254.128301
-250.0,50,254.27604
2150.0,50,254.427136
-650.0,50,254.571248
-850.0,50,254.721789
-250.0,50,254.864214
550.0,50,255.020643
-850.0,50,255.168286
-1450.0,50,255.320703
-650.0,50,255.474953
950.0,50,255.634388
750.0,50,255.787203
-450.0,50,255.947323
550.0,50,256.095538
1150.0,50,256.243221
-450.0,50,256.386084
-650.0,50,256.538513
150.0,50,256.686528
-850.0,50,256.845797
-1050.0,50,256.99927
-1549.0,50,257.157582
-50.0,50,257.313769
150.0,50,257.474267
950.0,50,257.627107
-1050.0,50,257.787271
550.0,50,257.952996
-450.0,50,258.127956
-1450.0,50,258.274516
-850.0,50,258.431837
-50.0,50,258.587318
350.0,50,258.738837
150.0,50,258.886344
-50.0,50,259.039444
-250.0,50,259.192071
251.0,50,259.347736
550.0,50,259.492794
1350.0,50,259.649653
-1050.0,50,259.797446
-450.0,50,259.957026
150.0,50,260.109823
350.0,50,260.270615
-1250.0,50,260.424531
-349.0,50,260.584967
-850.0,50,260.739135
-450.0,50,260.897592
-850.0,50,261.049531
350.0,50,261.216413
-650.0,50,261.365411
-650.0,50,261.52321
-650.0,50,261.673033
950.0,50,261.832777
950.0,50,261.979599
350.0,50,262.137614
-1250.0,50,262.292708
150.0,50,262.450307
150.0,50,262.602914
-250.0,50,262.762327
-50.0,50,262.909953
750.0,50,263.067802
-450.0,50,263.223577
350.0,50,263.377602
150.0,50,263.523719
-450.0,50,263.679283
651.0,50,263.824582
-1450.0,50,263.980248
-50.0,50,264.131116
750.0,50,264.287773
-650.0,50,264.432509
-50.0,50,264.591225
150.0,50,264.743095
350.0,50,264.896966
-50.0,50,265.041443
-250.0,50,265.194621
350.0,50,265.344695
-650.0,50,265.502518
-650.0,50,265.651361
-1050.0,50,265.802823
150.0,50,265.952753
-50.0,50,266.109289
-1050.0,50,266.261174
-50.0,50,266.410115
-650.0,50,266.553657
-50.0,50,266.708755
-50.0,50,266.860969
-250.0,50,267.013242
350.0,50,267.160988
-250.0,50,267.312297
150.0,50,267.45918
550.0,50,267.61529
550.0,50,267.754798
-1050.0,50,267.901208
-650.0,50,268.03939
-50.0,50,268.188576
-1250.0,50,268.335134
950.0,50,268.484994
150.0,50,268.62382
550.0,50,268.778302
-450.0,50,268.921159
950.0,50,269.093091
-1250.0,50,269.24272
350.0,50,269.399039
-1050.0,50,269.54833
750.0,50,269.704835
1750.0,50,269.855737
350.0,50,270.005274
350.0,50,270.156932
150.0,50,270.303146
750.0,50,270.446784
350.0,50,270.601198
150.0,50,270.749805
950.0,50,270.90558
-50.0,50,271.054248
-450.0,50,271.21145
-650.0,50,271.361284
-650.0,50,271.513218
150.0,50,271.662647
150.0,50,271.819238
-949.0,50,271.968563
350.0,50,272.127077
-50.0,50,272.27534
-850.0,50,272.424517
-650.0,50,272.56563
-450.0,50,272.713915
-650.0,50,272.853413
350.0,50,273.002788
-450.0,50,273.145088
-650.0,50,273.290288
-2450.0,50,273.432104
-1450.0,50,273.583874
-50.0,50,273.731634
-951.0,50,273.886152
249.0,50,274.03962
550.0,50,274.20298
-50.0,50,274.353808
350.0,50,274.511287
-850.0,50,274.663466
550.0,50,274.81669
-450.0,50,274.965413
750.0,50,275.122967
-450.0,50,275.273287
750.0,50,275.427138
-850.0,50,275.575072
-450.0,50,275.729945
1150.0,50,275.88163
750.0,50,276.035438
-650.0,50,276.186073
-450.0,50,276.341818
-1050.0,50,276.494074
-650.0,50,276.647173
-1450.0,50,276.797768
-250.0,50,276.948451
150.0,50,277.093798
-250.0,50,277.243073
-450.0,50,277.392702
-850.0,50,277.542482
150.0,50,277.69431
-1650.0,50,277.848449
350.0,50,277.996512
-850.0,50,278.151962
2350.0,50,278.303813
350.0,50,278.462889
-250.0,50,278.618494
950.0,50,278.777416
-650.0,50,278.925741
-650.0,50,279.085146
-1250.0,50,279.233219
-650.0,50,279.392073
550.0,50,279.547234
-650.0,50,279.70334
350.0,50,279.858944
-1349.0,50,280.016039
-42.0,50,280.174185
160.0,50,280.335525
360.0,50,280.488408
-143.0,50,280.647509
-1238.0,50,280.800948
366.0,50,280.996343
566.0,50,281.160311
-139.0,50,281.320773
-442.0,50,281.474498
-38.0,50,281.627095
-236.0,50,281.78337
857.0,50,281.94005
-341.0,50,282.088109
1164.0,50,282.241615
-141.0,50,282.392112
-240.0,50,282.541763
-143.0,50,282.683775
861.0,50,282.83518
-240.0,50,282.985538
-339.0,50,283.141086
-246.0,50,283.290427
651.0,50,283.44159
150.0,50,283.591908
1350.0,50,283.746354
550.0,50,283.888802
-250.0,50,284.038478
1350.0,50,284.180902
-450.0,50,284.332637
51.0,50,284.475823
-1450.0,50,284.629128
350.0,50,284.779407
550.0,50,284.937896
150.0,50,285.086055
-1050.0,50,285.239021
550.0,50,285.387253
150.0,50,285.540736
550.0,50,285.688129
150.0,50,285.846373
150.0,50,285.996458
-450.0,50,286.141584
-450.0,50,286.284211
-50.0,50,286.436637
150.0,50,286.575023
-650.0,50,286.725169
-50.0,50,286.871567
-850.0,50,287.021914
150.0,50,287.165648
-450.0,50,287.31488
350.0,50,287.456477
-650.0,50,287.610778
-650.0,50,287.754501
350.0,50,287.904182
-1050.0,50,288.052025
1150.0,50,288.196565
150.0,50,288.338872
-250.0,50,288.48648
550.0,50,288.629803
350.0,50,288.778898
750.0,50,288.921137
950.0,50,289.070481
350.0,50,289.213706
350.0,50,289.360557
-650.0,50,289.505714
-250.0,50,289.65776
-650.0,50,289.80151
150.0,50,289.949364
-650.0,50,290.092643
150.0,50,290.239938
-650.0,50,290.382401
-1250.0,50,290.535498
-650.0,50,290.684248
-1850.0,50,290.834167
-1050.0,50,290.977332
-250.0,50,291.122716
350.0,50,291.263691
350.0,50,291.412662
1350.0,50,291.55462
-850.0,50,291.701273
550.0,50,291.842631
-650.0,50,291.992786
950.0,50,292.13319
-50.0,50,292.291291
-50.0,50,292.445692
-450.0,50,292.606467
-50.0,50,292.75668
-250.0,50,292.914871
-450.0,50,293.070199
350.0,50,293.226825
-250.0,50,293.381476
950.0,50,293.53967
-250.0,50,293.68627
249.0,50,293.840751
-557.0,50,293.989277
336.0,50,294.141174
-169.0,50,294.287074
-365.0,50,294.437465
-389.0,50,294.579644
318.0,50,294.732409
-163.0,50,294.879599
334.0,50,295.033693
829.0,50,295.178185
110.0,50,295.329692
441.0,50,295.4682
-387.0,50,295.612574
146.0,50,295.755845
-50.0,50,295.905435
750.0,50,296.048627
150.0,50,296.196457
-1450.0,50,296.337187
750.0,50,296.485402
750.0,50,296.633419
950.0,50,296.794209
-1050.0,50,296.941955
750.0,50,297.093209
150.0,50,297.237965
-650.0,50,297.392001
-450.0,50,297.537472
-50.0,50,297.689453
-850.0,50,297.839141
-650.0,50,297.997081
-250.0,50,298.149954
-650.0,50,298.312067
-650.0,50,298.461813
550.0,50,298.606832
150.0,50,298.74852
-50.0,50,298.893108
550.0,50,299.035514
-250.0,50,299.185332
-1050.0,50,299.334349
550.0,50,299.4856
-450.0,50,299.636418
550.0,50,299.789148
-250.0,50,299.934794
350.0,50,300.087452
-50.0,50,300.233815
-450.0,50,300.379519
-850.0,50,300.524911
-650.0,50,300.671783
550.0,50,300.813735
-450.0,50,300.964849
1150.0,50,301.112028
-1050.0,50,301.261842
350.0,50,301.408288
-450.0,50,301.571954
150.0,50,301.725835
-250.0,50,301.892892
150.0,50,302.059683
1550.0,50,302.225494
750.0,50,302.403579
-1050.0,50,302.583897
350.0,50,302.747784
550.0,50,302.915389
-1050.0,50,303.068153
-250.0,50,303.224336
-1050.0,50,303.380755
-850.0,50,303.534992
350.0,50,303.699599
150.0,50,303.849335
150.0,50,303.997026
750.0,50,304.152128
-650.0,50,304.298221
-450.0,50,304.449085
150.0,50,304.597428
150.0,50,304.747358
1350.0,50,304.893131
-650.0,50,305.039524
-250.0,50,305.182196
-650.0,50,305.323627
1150.0,50,305.4691
150.0,50,305.623484
350.0,50,305.773504
-850.0,50,305.932273
-1050.0,50,306.080441
-650.0,50,306.244117
-50.0,50,306.391541
-149.0,50,306.540698
-50.0,50,306.686926
-1650.0,50,306.84275
350.0,50,306.98613
-450.0,50,307.162107
-450.0,50,307.315185
350.0,50,307.470408
-650.0,50,307.641895
-650.0,50,307.821353
550.0,50,307.976562
950.0,50,308.141071
451.0,50,308.290766
-450.0,50,308.45728
150.0,50,308.614228
1350.0,50,308.792854
-650.0,50,308.946047
150.0,50,309.114745
-450.0,50,309.264183
-149.0,50,309.409344
350.0,50,309.546904
-250.0,50,309.694069
-50.0,50,309.832813
-1250.0,50,309.972578
150.0,50,310.110046
950.0,50,310.263529
-1050.0,50,310.41592
-2250.0,50,310.593205
-1050.0,50,310.777182
550.0,50,310.961366
750.0,50,311.136193
350.0,50,311.312318
350.0,50,311.466249
-1250.0,50,311.637319
-850.0,50,311.816769
-450.0,50,311.97921
150.0,50,312.134441
150.0,50,312.292475
150.0,50,312.448531
350.0,50,312.64565
150.0,50,312.819436
-450.0,50,312.98957
1350.0,50,313.156045
-1250.0,50,313.327836
750.0,50,313.48791
150.0,50,313.651249
350.0,50,313.8095
-250.0,50,313.970277
-250.0,50,314.121417
150.0,50,314.282098
-650.0,50,314.429801
-650.0,50,314.593799
550.0,50,314.737784
350.0,50,314.88847
350.0,50,315.038993
-650.0,50,315.191407
-250.0,50,315.342216
-50.0,50,315.507576
-850.0,50,315.681744
-450.0,50,315.856107
-850.0,50,316.020219
150.0,50,316.18114
-650.0,50,316.332935
1150.0,50,316.491161
150.0,50,316.63637
1350.0,50,316.789888
750.0,50,316.951513
-250.0,50,317.104354
-650.0,50,317.25189
-850.0,50,317.398224
-250.0,50,317.544171
-1850.0,50,317.697259
350.0,50,317.84914
-850.0,50,318.010315
550.0,50,318.159522
150.0,50,318.31404
750.0,50,318.463243
950.0,50,318.61821
750.0,50,318.765947
-1050.0,50,318.921906
-1050.0,50,319.072734
150.0,50,319.226777
150.0,50,319.373304
350.0,50,319.523954
750.0,50,319.669643
150.0,50,319.8217
-1250.0,50,319.968479
750.0,50,320.116744
-1050.0,50,320.260993
-250.0,50,320.407251
-850.0,50,320.555818
950.0,50,320.713509
-450.0,50,320.881913
350.0,50,321.078743
-250.0,50,321.230187
550.0,50,321.385331
1350.0,50,321.533604
-450.0,50,321.689108
350.0,50,321.83597
150.0,50,321.990676
550.0,50,322.139266
150.0,50,322.296968
-949.0,50,322.448986
750.0,50,322.607037
150.0,50,322.757927
350.0,50,322.912954
350.0,50,323.064968
-850.0,50,323.22228
-1050.0,50,323.372584
-1450.0,50,323.533021
-250.0,50,323.682022
-50.0,50,323.839402
-250.0,50,323.986832
750.0,50,324.141015
-250.0,50,324.289076
350.0,50,324.441189
-50.0,50,324.59084
150.0,50,324.770602
-450.0,50,324.927943
150.0,50,325.076114
150.0,50,325.218269
350.0,50,325.365395
350.0,50,325.507406
-650.0,50,325.65936
-850.0,50,325.818532
-850.0,50,325.978504
-850.0,50,326.12807
-650.0,50,326.291829
350.0,50,326.460649
-50.0,50,326.618232
950.0,50,326.768314
-250.0,50,326.920245
150.0,50,327.069912
-50.0,50,327.222728
950.0,50,327.403831
750.0,50,327.561965
-650.0,50,327.718986
150.0,50,327.876653
-1450.0,50,328.034094
150.0,50,328.20847
-50.0,50,328.370712
-50.0,50,328.538648
550.0,50,328.715465
-1250.0,50,328.884614
150.0,50,329.060707
1150.0,50,329.236859
-250.0,50,329.388149
550.0,50,329.539882
350.0,50,329.686433
-450.0,50,329.838218
750.0,50,329.989355
449.0,50,330.140918
1150.0,50,330.289749
350.0,50,330.44225
-250.0,50,330.593979
-349.0,50,330.751985
550.0,50,330.898175
-1044.0,50,331.055896
459.0,50,331.208953
859.0,50,331.366112
-547.0,50,331.516658
150.0,50,331.671323
-650.0,50,331.825487
-450.0,50,331.979276
150.0,50,332.131805
-650.0,50,332.289702
1350.0,50,332.440372
-250.0,50,332.597353
-50.0,50,332.749714
-450.0,50,332.904566
950.0,50,333.058161
-650.0,50,333.215789
350.0,50,333.366974
150.0,50,333.527054
-250.0,50,333.679982
-450.0,50,333.840224
-1050.0,50,333.991346
150.0,50,334.147099
-1250.0,50,334.290341
350.0,50,334.442298
-650.0,50,334.591076
-50.0,50,334.744418
-50.0,50,334.891241
-1549.0,50,335.049474
150.0,50,335.202471
350.0,50,335.363616
-50.0,50,335.517367
-1050.0,50,335.676481
-450.0,50,335.828128
150.0,50,335.986183
150.0,50,336.143591
150.0,50,336.302345
550.0,50,336.451204
550.0,50,336.60985
150.0,50,336.761892
550.0,50,336.92332
-250.0,50,337.076793
-1850.0,50,337.23352
-650.0,50,337.383214
750.0,50,337.54101
-450.0,50,337.693241
350.0,50,337.857871
451.0,50,338.007813
-50.0,50,338.168649
-50.0,50,338.321273
350.0,50,338.48351
-250.0,50,338.634992
550.0,50,338.787315
350.0,50,338.933499
-650.0,50,339.08636
1350.0,50,339.233731
150.0,50,339.388979
-1050.0,50,339.535794
-450.0,50,339.690748
-650.0,50,339.840319
-450.0,50,339.994955
-749.0,50,340.146043
-450.0,50,340.303054
550.0,50,340.457731
-250.0,50,340.608769
-50.0,50,340.759329
350.0,50,340.920648
-850.0,50,341.114038
-450.0,50,341.265871
-450.0,50,341.41425
-450.0,50,341.571616
550.0,50,341.725045
-450.0,50,341.878922
-250.0,50,342.031717
150.0,50,342.188626
-850.0,50,342.343169
150.0,50,342.502411
-850.0,50,342.65466
-949.0,50,342.811408
550.0,50,342.961001
750.0,50,343.120602
-650.0,50,343.275566
-650.0,50,343.4268
150.0,50,343.569287
550.0,50,343.723076
-250.0,50,343.870218
-50.0,50,344.017601
-50.0,50,344.167189
-1250.0,50,344.321218
-450.0,50,344.462979
1150.0,50,344.619808
950.0,50,344.770828
150.0,50,344.929193
350.0,50,345.078492
550.0,50,345.235417
-250.0,50,345.389584
-850.0,50,345.545279
150.0,50,345.697664
-1450.0,50,345.851837
150.0,50,346.001684
350.0,50,346.157977
-250.0,50,346.311816
-250.0,50,346.465342
150.0,50,346.617804
-450.0,50,346.776011
-250.0,50,346.922989
-50.0,50,347.072951
150.0,50,347.220144
-250.0,50,347.373181
150.0,50,347.523293
150.0,50,347.681362
-450.0,50,347.831644
-50.0,50,347.980954
-250.0,50,348.122484
150.0,50,348.271666
-650.0,50,348.413894
-850.0,50,348.562034
750.0,50,348.708499
-1250.0,50,348.859754
-50.0,50,349.003932
-650.0,50,349.16097
-250.0,50,349.312802
-650.0,50,349.469108
-250.0,50,349.617061
1150.0,50,349.773432
350.0,50,349.921252
-1250.0,50,350.079107
550.0,50,350.230304
1350.0,50,350.384422
-1050.0,50,350.528806
-1250.0,50,350.676234
-50.0,50,350.821765
150.0,50,350.972348
350.0,50,351.121596
249.0,50,351.273009
-1050.0,50,351.425323
550.0,50,351.592066
550.0,50,351.800314
750.0,50,351.979713
150.0,50,352.141358
750.0,50,352.308026
251.0,50,352.498742
-50.0,50,352.71642
-50.0,50,352.892136
-50.0,50,353.050216
-850.0,50,353.195852
-250.0,50,353.364558
-450.0,50,353.536114
-50.0,50,353.705742
-50.0,50,353.864428
-50.0,50,354.077668
-2250.0,50,354.25186
150.0,50,354.412189
-850.0,50,354.565805
-250.0,50,354.720824
-850.0,50,354.879076
-50.0,50,355.044443
550.0,50,355.205996
350.0,50,355.364393
150.0,50,355.510891
-650.0,50,355.664009
950.0,50,355.809702
150.0,50,355.962003
150.0,50,356.109536
-850.0,50,356.262223
150.0,50,356.417917
-1050.0,50,356.575814
1950.0,50,356.728021
-250.0,50,356.888112
-450.0,50,357.046994
150.0,50,357.202268
550.0,50,357.354493
-250.0,50,357.507861
550.0,50,357.653253
750.0,50,357.800682
-250.0,50,357.947413
-450.0,50,358.102769
950.0,50,358.250907
-650.0,50,358.403492
550.0,50,358.558093
-450.0,50,358.710361
-1050.0,50,358.856029
350.0,50,359.011121
750.0,50,359.162294
750.0,50,359.321998
-450.0,50,359.465654
-50.0,50,359.624084
-450.0,50,359.775279
-250.0,50,359.932206
550.0,50,360.082752
-250.0,50,360.242407
350.0,50,360.394954
-1250.0,50,360.54988
-1050.0,50,360.703646
750.0,50,360.861848
150.0,50,361.012174
-1250.0,50,361.167382
-250.0,50,361.321263
-850.0,50,361.478283
-250.0,50,361.63386
-250.0,50,361.793267
750.0,50,361.946275
-50.0,50,362.103782
-1250.0,50,362.247365
350.0,50,362.400089
950.0,50,362.545956
750.0,50,362.700405
1550.0,50,362.847619
-450.0,50,362.996942
350.0,50,363.148613
-50.0,50,363.300579
150.0,50,363.445772
-50.0,50,363.598643
750.0,50,363.751928
550.0,50,363.912509
-1050.0,50,364.064713
350.0,50,364.224558
1150.0,50,364.379282
150.0,50,364.537466
950.0,50,364.68365
150.0,50,364.838118
-650.0,50,364.988662
-450.0,50,365.147063
-1050.0,50,365.296621
-1050.0,50,365.456743
-850.0,50,365.604638
150.0,50,365.759458
-50.0,50,365.910144
-50.0,50,366.069915
950.0,50,366.218751
550.0,50,366.376756
750.0,50,366.526024
-650.0,50,366.681595
-450.0,50,366.835429
150.0,50,366.988148
150.0,50,367.132035
350.0,50,367.287125
-250.0,50,367.437206
-250.0,50,367.590028
-650.0,50,367.732449
-250.0,50,367.880968
1150.0,50,368.025891
-50.0,50,368.179938
-250.0,50,368.327691
-1050.0,50,368.48503
-450.0,50,368.632073
-450.0,50,368.801412
-450.0,50,368.95902
550.0,50,369.116523
-850.0,50,369.264498
550.0,50,369.419729
